rank,Youtuber,subscribers,video views,category,uploads,Country,video_views_rank,country_rank,highest_monthly_earnings,created_year,Gross tertiary education enrollment (%),Unemployment rate
1,T-Series,245000000,228000000000.0,Music,20082,India,1.0,1.0,9000000.0,2006.0,28.1,5.36
2,YouTube Movies,170000000,0.0,Film & Animation,1,United States,4055159.0,7670.0,0.05,2006.0,88.2,14.7
3,MrBeast,166000000,28368841870.0,Entertainment,741,United States,48.0,1.0,5400000.0,2012.0,88.2,14.7
4,Cocomelon - Nursery Rhymes,162000000,164000000000.0,Education,966,United States,2.0,2.0,7900000.0,2006.0,88.2,14.7
5,SET India,159000000,148000000000.0,Shows,116536,India,3.0,2.0,7300000.0,2006.0,28.1,5.36
7,ýýý Kids Diana Show,112000000,93247040539.0,People & Blogs,1111,United States,5.0,3.0,2900000.0,2015.0,88.2,14.7
8,PewDiePie,111000000,29058044447.0,Gaming,4716,Japan,44.0,1.0,156700.0,2010.0,63.2,2.29
9,Like Nastya,106000000,90479060027.0,People & Blogs,493,Russia,630.0,5.0,195800.0,2016.0,81.9,4.59
10,Vlad and Niki,98900000,77180169894.0,Entertainment,574,United States,8.0,5.0,2300000.0,2018.0,88.2,14.7
11,Zee Music Company,96700000,57856289381.0,Music,8548,India,12.0,3.0,3200000.0,2014.0,28.1,5.36
12,WWE,96000000,77428473662.0,Sports,70127,United States,7.0,6.0,2900000.0,2007.0,88.2,14.7
14,BLACKPINK,89800000,32144597566.0,People & Blogs,543,South Korea,32.0,1.0,2000000.0,2016.0,94.3,4.15
16,Sony SAB,83000000,101000000000.0,Shows,71270,India,4.0,5.0,6600000.0,2007.0,28.1,5.36
17,5-Minute Crafts,80100000,26236790209.0,Howto & Style,1,United Kingdom,4057901.0,4797.0,0.0,2020.0,60.0,3.85
18,BANGTANTV,75600000,20826993957.0,Music,2281,South Korea,112.0,2.0,673200.0,2012.0,94.3,4.15
20,Justin Bieber,71600000,30608119724.0,Music,249,Canada,38.0,1.0,705300.0,2007.0,68.9,5.56
21,HYBE LABELS,71300000,28634566938.0,Music,1337,South Korea,46.0,3.0,2400000.0,2008.0,94.3,4.15
22,Zee TV,70500000,73139054467.0,Entertainment,129204,India,9.0,6.0,6800000.0,2005.0,28.1,5.36
23,Pinkfong Baby Shark - Kids' Songs & Stories,68200000,38843229963.0,Education,2865,United States,23.0,8.0,1900000.0,2011.0,88.2,14.7
24,Canal KondZilla,66500000,36775585925.0,Music,2572,Brazil,25.0,1.0,0.0,2012.0,51.3,12.08
25,ChuChu TV Nursery Rhymes & Kids Songs,65900000,45757850229.0,Education,633,India,18.0,7.0,1700000.0,2013.0,28.1,5.36
26,Shemaroo Filmi Gaane,65600000,28648024439.0,Music,8502,India,47.0,8.0,1000000.0,2010.0,28.1,5.36
27,Colors TV,64600000,61510906457.0,Shows,112915,India,10.0,9.0,4800000.0,2008.0,28.1,5.36
28,T-Series Bhakti Sagar,61000000,29533230328.0,Music,13,India,4053938.0,5803.0,0.04,2018.0,28.1,5.36
29,Dude Perfect,59500000,16241549158.0,Sports,389,United States,182.0,9.0,564800.0,2009.0,88.2,14.7
30,Movieclips,59500000,59316472754.0,Film & Animation,39113,United States,11.0,9.0,458700.0,2006.0,88.2,14.7
31,Tips Official,59300000,33431802698.0,Music,4741,India,30.0,11.0,1700000.0,2007.0,28.1,5.36
32,El Reino Infantil,58400000,57271630846.0,Music,1510,Argentina,13.0,1.0,2400000.0,2011.0,90.0,9.79
33,Wave Music,58000000,40602020243.0,Music,19487,India,21.0,12.0,928100.0,2014.0,28.1,5.36
34,Aaj Tak,57600000,25307753534.0,News & Politics,283775,India,71.0,13.0,1800000.0,2009.0,28.1,5.36
35,Sony Music India,57200000,28837144516.0,Music,3882,India,45.0,14.0,1000000.0,2009.0,28.1,5.36
36,EminemMusic,56900000,27073872856.0,Music,156,United States,59.0,10.0,1000000.0,2007.0,88.2,14.7
37,Marshmello,56400000,14696003229.0,Entertainment,436,United States,233.0,11.0,448400.0,2015.0,88.2,14.7
38,YRF,54600000,35302243691.0,Film & Animation,3707,India,28.0,15.0,2000000.0,2006.0,28.1,5.36
40,Ed Sheeran,53500000,30367676736.0,Music,383,United Kingdom,39.0,1.0,810900.0,2006.0,60.0,3.85
41,Infobells - Hindi,53300000,30516172739.0,Education,577,India,37.0,16.0,3300000.0,2014.0,28.1,5.36
42,Taylor Swift,52900000,29884657286.0,Music,216,United States,40.0,13.0,2100000.0,2006.0,88.2,14.7
43,Ariana Grande,52700000,24004842608.0,Music,147,United States,78.0,14.0,640900.0,2007.0,88.2,14.7
44,BillionSurpriseToys  - Nursery Rhymes & Cartoons,52200000,9877365274.0,Education,847,United States,450.0,15.0,1100000.0,2013.0,88.2,14.7
45,JuegaGerman,48100000,14631710289.0,Gaming,2052,Chile,237.0,1.0,265600.0,2013.0,88.5,7.09
46,Billie Eilish,47900000,13626331061.0,Music,65,United States,263.0,16.0,587400.0,2013.0,88.2,14.7
47,Get Movies,47500000,30788679536.0,Entertainment,3322,Russia,35.0,1.0,1200000.0,2006.0,81.9,4.59
48,Shemaroo,47400000,22519705183.0,Entertainment,11451,India,97.0,17.0,931000.0,2007.0,28.1,5.36
50,SonyMusicIndiaVEVO,46600000,27286058807.0,Music,3444,United States,55.0,17.0,1300000.0,2009.0,88.2,14.7
51,A4,46300000,22936630813.0,Gaming,1,Cuba,4053056.0,99.0,0.38,2006.0,41.4,1.64
53,Fernanfloo,46100000,10323391593.0,Gaming,543,El Salvador,419.0,1.0,135400.0,2011.0,29.4,4.11
54,Voot Kids,45500000,21388725229.0,Entertainment,4660,India,105.0,18.0,936000.0,2016.0,28.1,5.36
55,Felipe Neto,45200000,16602198273.0,Entertainment,4331,Brazil,174.0,2.0,521400.0,2006.0,51.3,12.08
56,Vocï¿½ï¿½ï¿½,44700000,7828610828.0,Entertainment,1558,Brazil,681.0,3.0,192100.0,2013.0,51.3,12.08
57,HAR PAL GEO,44600000,41139050371.0,Entertainment,100755,Pakistan,20.0,1.0,5300000.0,2008.0,9.0,4.45
59,Katy Perry,44200000,25458952022.0,Music,128,United States,70.0,19.0,537000.0,2008.0,88.2,14.7
60,whinderssonnunes,44200000,4274709210.0,Comedy,558,Brazil,1741.0,4.0,106700.0,2013.0,51.3,12.08
61,ABS-CBN Entertainment,44200000,50292540392.0,People & Blogs,193890,Philippines,16.0,1.0,706500.0,2008.0,35.5,2.15
62,Alan Walker,43700000,12884264778.0,Music,8,Thailand,4056116.0,4026.0,0.09,2006.0,49.3,0.75
64,Shakira,43500000,27568757295.0,People & Blogs,326,Colombia,52.0,1.0,1400000.0,2005.0,55.3,9.71
65,ýýýýýýýý ýý ýýýýýýýýýýýýýý,43200000,36458726976.0,Film & Animation,1478,Russia,26.0,2.0,1200000.0,2011.0,81.9,4.59
66,ARY Digital HD,43200000,37939780685.0,Entertainment,109871,Pakistan,24.0,2.0,4600000.0,2016.0,9.0,4.45
67,Speed Records,42500000,26820902622.0,Music,10938,India,62.0,19.0,639000.0,2012.0,28.1,5.36
68,Masha and The Bear,42400000,24519022988.0,Shows,1218,United States,74.0,20.0,2700000.0,2014.0,88.2,14.7
69,Like Nastya Show,42400000,19547696190.0,Entertainment,618,United States,128.0,21.0,212800.0,2017.0,88.2,14.7
70,Rihanna,41900000,22477745835.0,Entertainment,84,Barbados,98.0,1.0,731700.0,2005.0,65.4,10.33
71,Ishtar Music,41400000,17608931161.0,Trailers,4510,India,155.0,20.0,723800.0,2005.0,28.1,5.36
72,Kimberly Loaiza,41300000,5603111948.0,People & Blogs,291,Mexico,1157.0,2.0,547000.0,2016.0,40.2,3.42
73,Little Baby Bum - Nursery Rhymes & Kids Songs,40900000,39450824833.0,Education,2423,United States,22.0,22.0,395100.0,2011.0,88.2,14.7
74,Luisito Comunica,40600000,8670473639.0,Comedy,0,Mexico,3612215.0,3021.0,0.0,2010.0,40.2,3.42
77,shfa2 - ï¿½ï¿½,39700000,23884824160.0,People & Blogs,1596,United Arab Emirates,81.0,1.0,990900.0,2017.0,36.8,2.35
79,CarryMinati,39200000,3294013141.0,Comedy,186,India,2487.0,21.0,314800.0,2014.0,28.1,5.36
80,XXXTENTACION,39200000,10507474316.0,Music,133,United States,403.0,24.0,233400.0,2015.0,88.2,14.7
81,Super Simple Songs - Kids Songs,39200000,44900897958.0,Education,744,Canada,19.0,2.0,2200000.0,2006.0,68.9,5.56
82,Mikecrack,39100000,16118181673.0,Gaming,1876,Spain,188.0,1.0,1100000.0,2015.0,88.9,13.96
83,WorkpointOfficial,39000000,36131228583.0,Entertainment,72580,Thailand,27.0,1.0,521800.0,2012.0,49.3,0.75
84,GR6 EXPLODE,38900000,25154232306.0,Music,3043,Brazil,73.0,6.0,6500000.0,2014.0,51.3,12.08
85,TEDx Talks,38600000,7339333120.0,Nonprofits & Activism,200933,United States,768.0,25.0,182600.0,2009.0,88.2,14.7
86,shfa,38400000,21528116909.0,People & Blogs,982,Saudi Arabia,150882.0,774.0,6400.0,2018.0,68.0,5.93
87,Goldmines Gaane Sune Ansune,38300000,16718192386.0,Music,3532,India,170.0,22.0,3300000.0,2015.0,28.1,5.36
88,One Direction,38200000,13598903820.0,Music,11,United States,539848.0,2904.0,25.0,2016.0,88.2,14.7
89,TheEllenShow,38200000,22756581750.0,Entertainment,15672,United States,93.0,26.0,87200.0,2006.0,88.2,14.7
90,Sony PAL,38200000,28519339489.0,Shows,24089,India,49.0,23.0,1700000.0,2014.0,28.1,5.36
91,Daddy Yankee,38000000,22731415608.0,Music,505,United States,92.0,27.0,822400.0,2011.0,88.2,14.7
93,Like Nastya ESP,37600000,18208196857.0,Entertainment,743,United States,145.0,29.0,1300000.0,2017.0,88.2,14.7
94,ýýýýýýýýýýýý one31,37500000,27262462114.0,Entertainment,117152,Thailand,56.0,2.0,563000.0,2013.0,49.3,0.75
95,Jkk Entertainment,37200000,16402066717.0,Comedy,220,India,178.0,24.0,199400.0,2017.0,28.1,5.36
96,ABP NEWS,37000000,13102611515.0,People & Blogs,301308,India,280.0,25.0,1100000.0,2012.0,28.1,5.36
97,Maria Clara & JP,37000000,24188861917.0,People & Blogs,744,Brazil,75.0,7.0,1000000.0,2015.0,51.3,12.08
98,Bruno Mars,36700000,19378155425.0,Music,99,United States,134.0,30.0,701000.0,2006.0,88.2,14.7
99,Maroon 5,36600000,22553923546.0,Music,171,United States,96.0,31.0,611300.0,2006.0,88.2,14.7
100,Ultra Bollywood,36600000,15653786446.0,Trailers,9168,India,205.0,26.0,0.0,2009.0,28.1,5.36
102,YouTube,36300000,3010784935.0,News & Politics,744,United States,2860.0,32.0,84400.0,1970.0,88.2,14.7
106,La Granja de Zenï¿½,35700000,27118354077.0,Music,654,Argentina,58.0,2.0,1200000.0,2013.0,90.0,9.79
107,Saregama Music,35500000,15657673422.0,Entertainment,7566,India,199.0,27.0,2100000.0,2013.0,28.1,5.36
108,IndiaTV,35500000,16105023749.0,News & Politics,273255,India,185.0,27.0,1200000.0,2006.0,28.1,5.36
109,T-Series Bollywood Classics,35400000,22637783517.0,Music,2010,India,94.0,28.0,1300000.0,2012.0,28.1,5.36
111,Markiplier,35200000,20297931219.0,Gaming,5490,United States,119.0,34.0,509300.0,2012.0,88.2,14.7
112,Ryan's World,35200000,55299840198.0,Entertainment,2453,United States,15.0,35.0,954500.0,2015.0,88.2,14.7
113,Genevieve's Playhouse - Learning Videos for Kids,34900000,25607397308.0,Education,617,United States,69.0,36.0,1300000.0,2016.0,88.2,14.7
116,Geet MP3,34300000,12746535822.0,Music,679,India,299.0,31.0,405400.0,2016.0,28.1,5.36
117,J Balvin,34100000,23005313609.0,Music,141,Colombia,89.0,2.0,514800.0,2011.0,55.3,9.71
118,Jess No Limit,34000000,3963007415.0,Entertainment,2284,Indonesia,1882.0,1.0,2200000.0,2017.0,36.3,4.69
119,Jingle Toons,34000000,11351015824.0,Film & Animation,240,India,360.0,32.0,719600.0,2013.0,28.1,5.36
120,VEGETTA777,33800000,15432929204.0,Gaming,7606,Spain,211.0,2.0,156400.0,2008.0,88.9,13.96
121,Galinha Pintadinha,33800000,27274550757.0,Film & Animation,66,Brazil,54.0,8.0,1600000.0,2006.0,51.3,12.08
122,SSSniperWolf,33700000,23492684419.0,Gaming,3366,United States,83.0,37.0,843800.0,2013.0,88.2,14.7
124,Selena Gomez,33600000,13013567335.0,Film & Animation,188,United States,288.0,38.0,463200.0,2008.0,88.2,14.7
125,Rajshri,33500000,14864294792.0,Music,3741,India,222.0,34.0,1100000.0,2006.0,28.1,5.36
126,Ch3Thailand,33500000,29611914495.0,Entertainment,96214,Thailand,41.0,3.0,0.0,2014.0,49.3,0.75
127,KHANDESHI MOVIES,33500000,11405809704.0,Comedy,217,India,357.0,35.0,98900.0,2013.0,28.1,5.36
128,NoCopyrightSounds,33400000,10530729078.0,Music,1331,United Kingdom,402.0,3.0,222600.0,2011.0,60.0,3.85
129,CVS 3D Rhymes & Kids Songs,33400000,20269857567.0,Education,338,India,120.0,35.0,544300.0,2008.0,28.1,5.36
130,Ricis Official,33300000,5994136760.0,People & Blogs,2736,Indonesia,1043.0,2.0,628400.0,2016.0,36.3,4.69
131,BabyBus - Kids Songs and Cartoons,32800000,26355088167.0,Education,2122,United States,64.0,39.0,510000.0,2016.0,88.2,14.7
132,Eros Now Music,32700000,17853798780.0,Entertainment,1521,India,8055.0,730.0,81100.0,2012.0,28.1,5.36
134,DisneyMusicVEVO,32700000,28516250629.0,Music,2068,United States,50.0,40.0,1300000.0,2010.0,88.2,14.7
135,The Weeknd,32600000,23379969006.0,Music,169,Canada,85.0,3.0,1500000.0,2011.0,68.9,5.56
137,KAROL G,32100000,18699145555.0,Music,134,Colombia,140.0,3.0,1900000.0,2013.0,55.3,9.71
138,Mr Bean,32100000,10602236110.0,Shows,3091,United Kingdom,400.0,4.0,226100.0,2006.0,60.0,3.85
139,rezendeevil,32100000,13061739758.0,Gaming,11882,Brazil,287.0,9.0,178000.0,2012.0,51.3,12.08
140,StarPlus,32000000,26800674545.0,Entertainment,44892,India,60.0,38.0,6700000.0,2006.0,28.1,5.36
142,GMA  Network,31900000,19428308461.0,Entertainment,93311,Philippines,129.0,2.0,3200000.0,2006.0,35.5,2.15
143,GENIAL,31800000,6762424690.0,Howto & Style,6734,Mexico,884.0,4.0,125800.0,2017.0,40.2,3.42
144,MR. INDIAN HACKER,31700000,5711208484.0,Science & Technology,929,India,1132.0,40.0,436500.0,2012.0,28.1,5.36
145,Worldwide Records Bhojpuri,31700000,16476978876.0,Music,6518,India,177.0,39.0,450600.0,2012.0,28.1,5.36
146,DONA ï¿½ï¿½,31700000,21031745531.0,Entertainment,166,United States,110.0,41.0,613100.0,2018.0,88.2,14.7
147,Dream,31700000,2930015381.0,Gaming,116,United States,2986.0,41.0,108100.0,2014.0,88.2,14.7
148,Lucas and Marcus,31600000,11615848291.0,Entertainment,1321,United States,339.0,42.0,1200000.0,2011.0,88.2,14.7
149,JustinBieberVEVO,31600000,26583873105.0,Music,204,United States,63.0,42.0,420500.0,2009.0,88.2,14.7
151,Peppa Pig - Official Channel,31400000,22919271731.0,Film & Animation,3589,United Kingdom,91.0,5.0,979700.0,2013.0,60.0,3.85
152,YOLO AVENTURAS,31200000,9673649438.0,People & Blogs,65,Venezuela,3361188.0,522.0,14.0,2018.0,79.3,8.8
153,The Tonight Show Starring Jimmy Fallon,31200000,17111726160.0,Comedy,8976,United States,166.0,44.0,0.0,2006.0,88.2,14.7
154,TheDonato,31200000,6187804950.0,Entertainment,3027,Argentina,997.0,3.0,762700.0,2015.0,90.0,9.79
155,ImagineDragons,30700000,16793072362.0,Music,92,United States,169.0,45.0,755300.0,2009.0,88.2,14.7
157,Round2hell,30700000,3145161634.0,Comedy,67,India,2687.0,41.0,127300.0,2016.0,28.1,5.36
158,Zee News,30500000,16709857823.0,News & Politics,180092,India,168.0,41.0,1800000.0,2007.0,28.1,5.36
159,AboFlah,30500000,4521573939.0,Gaming,641,Kuwait,1573.0,1.0,631600.0,2016.0,54.4,2.18
160,AH,30400000,4332274962.0,Entertainment,2197,Indonesia,1701.0,4.0,85800.0,2014.0,36.3,4.69
161,Trap Nation,30400000,14037426379.0,Music,2725,United States,255.0,46.0,183300.0,2012.0,88.2,14.7
163,Boram Tube Vlog [ï¿½ï¿½ï¿½ï¿½ï¿½ï¿½ï¿½ï¿½ï¿,30300000,13546549817.0,Entertainment,223,United States,269.0,47.0,90900.0,2012.0,88.2,14.7
164,Adele,30200000,14199108016.0,Music,15,United Kingdom,248.0,6.0,548400.0,2008.0,60.0,3.85
165,Talking Tom,30200000,15199330166.0,Comedy,2,United States,4057345.0,7736.0,0.0,2008.0,88.2,14.7
166,ýýýýýýýý ýýýýýýýý ýýýýýýýýýý | toyoraljanahtv,30200000,27684955537.0,Entertainment,3254,Jordan,51.0,1.0,465700.0,2008.0,34.4,14.72
168,Spinnin' Records,30100000,19607009165.0,Music,11501,Netherlands,127.0,1.0,400200.0,2007.0,85.0,3.2
169,Little Angel: Nursery Rhymes & Kids Songs,30100000,22593193994.0,Education,1349,United States,95.0,49.0,430100.0,2015.0,88.2,14.7
171,Shawn Mendes,30000000,12831200855.0,Music,133,Canada,295.0,4.0,355000.0,2011.0,68.9,5.56
172,ashish chanchlani vines,29800000,4457913639.0,Comedy,151,India,1622.0,42.0,104700.0,2009.0,28.1,5.36
173,Ultra Records,29600000,17208027242.0,Music,4903,United States,165.0,50.0,327500.0,2006.0,88.2,14.7
175,Maluma,29300000,21226945136.0,Music,14,Argentina,4051498.0,3624.0,0.06,2015.0,90.0,9.79
176,Zhong,29200000,14727238483.0,Entertainment,1513,United States,230.0,51.0,0.0,2015.0,88.2,14.7
177,Enaldinho,29200000,11627437847.0,Comedy,3654,Brazil,338.0,10.0,1200000.0,2012.0,51.3,12.08
178,AuronPlay,29200000,4079141673.0,Comedy,404,Spain,1852.0,3.0,48600.0,2006.0,88.9,13.96
180,infobells - Tamil,28900000,17930570614.0,Education,555,India,149.0,44.0,439300.0,2014.0,28.1,5.36
182,The Late Late Show with James Corden,28400000,9956764048.0,Entertainment,5809,United States,445.0,53.0,105700.0,2006.0,88.2,14.7
183,Aditya Movies,28400000,10062770060.0,Movies,5436,India,432.0,45.0,909400.0,2012.0,28.1,5.36
185,infobells - Telugu,28300000,14814192034.0,Education,505,India,223.0,45.0,1200000.0,2014.0,28.1,5.36
186,HUM TV,28300000,23844936965.0,Entertainment,106983,Pakistan,80.0,3.0,2700000.0,2011.0,9.0,4.45
187,Shemaroo Movies,28200000,7600740993.0,Entertainment,3009,India,721.0,46.0,739900.0,2011.0,28.1,5.36
188,Michael Jackson,28200000,14412474625.0,Music,15,United States,242.0,54.0,634400.0,2005.0,88.2,14.7
191,Sandeep Maheshwari,27800000,2303069221.0,People & Blogs,0,Singapore,4057944.0,3017.0,0.0,2008.0,84.8,4.11
192,Bounce Patrol - Kids Songs,27800000,21037851468.0,Music,292,Australia,111.0,1.0,509800.0,2013.0,113.1,5.27
193,toycantando,27700000,15777682516.0,Music,619,Colombia,197.0,4.0,695300.0,2009.0,55.3,9.71
194,MrBeast 2,27500000,4552581106.0,People & Blogs,27,United States,2161873.0,5889.0,0.0,2011.0,88.2,14.7
195,Wiz Khalifa,27500000,13379395501.0,Music,682,United States,275.0,57.0,361800.0,2008.0,88.2,14.7
196,JYP Entertainment,27400000,19883150017.0,Music,1753,South Korea,124.0,4.0,1200000.0,2008.0,94.3,4.15
197,ýýý Kids Roma Show,27400000,10336420490.0,People & Blogs,642,United States,418.0,58.0,703400.0,2015.0,88.2,14.7
198,DanTDM,27400000,19417887510.0,Gaming,3664,United Kingdom,132.0,7.0,314700.0,2012.0,60.0,3.85
199,Nick Jr.,27300000,22440611155.0,Film & Animation,5438,United States,100.0,59.0,170200.0,2012.0,88.2,14.7
200,Crazy XYZ,27300000,7705492350.0,Entertainment,1259,India,707.0,48.0,408900.0,2017.0,28.1,5.36
202,Dushyant kukreja,27100000,17318452893.0,Entertainment,889,India,159.0,49.0,1700000.0,2015.0,28.1,5.36
204,Brent Rivera,27000000,6570935979.0,Comedy,554,United States,909.0,60.0,577800.0,2009.0,88.2,14.7
205,Renato Garcia YT,26900000,7938616641.0,Entertainment,3956,Brazil,664.0,11.0,331600.0,2011.0,51.3,12.08
206,Beast Reacts,26700000,4388047013.0,People & Blogs,241,United States,1632.0,61.0,1100000.0,2016.0,88.2,14.7
207,enchufetv,26700000,10317306313.0,Comedy,975,Colombia,420.0,5.0,97500.0,2011.0,55.3,9.71
208,Netflix,26700000,7173668905.0,Entertainment,6471,United States,797.0,62.0,472900.0,2012.0,88.2,14.7
209,Raffy Tulfo in Action,26500000,15065753455.0,News & Politics,10022,Philippines,219.0,3.0,652500.0,2016.0,35.5,2.15
210,WORLDSTARHIPHOP,26500000,20358117330.0,Music,6873,United States,117.0,63.0,356400.0,2008.0,88.2,14.7
211,Goldmines Bollywood,26400000,8595760553.0,Film & Animation,3622,India,588.0,50.0,398700.0,2015.0,28.1,5.36
212,Alan Chikin Chow,26400000,27006526665.0,Comedy,865,United States,61.0,63.0,4200000.0,2020.0,88.2,14.7
213,PANDA BOI,26400000,17211600007.0,Entertainment,967,Italy,158.0,1.0,4900000.0,2020.0,61.9,9.89
214,BB Ki Vines,26300000,4749833967.0,Entertainment,190,India,1462.0,51.0,69100.0,2015.0,28.1,5.36
216,Junya.ï¿½ï¿½ï¿½ï¿½,26200000,16097531087.0,Entertainment,5985,Japan,184.0,2.0,2900000.0,2020.0,63.2,2.29
217,Smosh,26100000,10435474336.0,Comedy,1619,United States,410.0,65.0,272600.0,2005.0,88.2,14.7
218,1MILLION Dance Studio,26100000,7886440199.0,Entertainment,0,Saudi Arabia,4057944.0,3695.0,0.0,2019.0,68.0,5.93
220,Beyoncï¿,26000000,17308961985.0,Music,240,United States,163.0,66.0,221800.0,2005.0,88.2,14.7
222,Indosiar,25900000,11372071889.0,Music,65286,Indonesia,358.0,5.0,920700.0,2013.0,36.3,4.69
223,VanossGaming,25800000,15541421838.0,Gaming,1762,Canada,206.0,5.0,219800.0,2011.0,68.9,5.56
224,David Guetta,25700000,17793809548.0,Music,749,United States,153.0,67.0,656900.0,2009.0,88.2,14.7
225,LosPolinesios,25700000,7466926260.0,People & Blogs,982,Mexico,746.0,8.0,122000.0,2012.0,40.2,3.42
226,Nicki Minaj,25700000,10242981063.0,Music,42,United States,425.0,67.0,414500.0,2013.0,88.2,14.7
228,TaylorSwiftVEVO,25600000,25592378292.0,Music,287,United States,67.0,68.0,1300000.0,2009.0,88.2,14.7
230,Post Malone,25500000,14401218086.0,Music,78,United States,243.0,69.0,782000.0,2011.0,88.2,14.7
231,Rans Entertainment,25400000,6430853035.0,People & Blogs,3716,Indonesia,942.0,6.0,233900.0,2015.0,36.3,4.69
232,LankyBox,25400000,34300482066.0,Comedy,8775,United States,29.0,69.0,3300000.0,2016.0,88.2,14.7
233,Coldplay,25300000,17331663193.0,Music,398,United Kingdom,160.0,8.0,795500.0,2010.0,60.0,3.85
235,WB Kids,25200000,11081602368.0,People & Blogs,2025,United States,375.0,70.0,561300.0,2015.0,88.2,14.7
238,The Lallantop,25200000,10409352249.0,News & Politics,51129,India,408.0,52.0,1100000.0,2015.0,28.1,5.36
239,RihannaVEVO,25100000,19458807708.0,Music,118,United States,130.0,71.0,377000.0,2009.0,88.2,14.7
240,WatchMojo.com,25100000,16357064198.0,Music,24837,Canada,180.0,6.0,196000.0,2007.0,68.9,5.56
241,TRANS7 OFFICIAL,25000000,14169516119.0,Entertainment,89179,Indonesia,251.0,7.0,492800.0,2014.0,36.3,4.69
242,Anuel AA,25000000,14827085149.0,Music,147,Colombia,225.0,6.0,1100000.0,2016.0,55.3,9.71
243,Dan Rhodes,24800000,17387583720.0,Entertainment,1644,United Kingdom,157.0,9.0,1300000.0,2015.0,60.0,3.85
244,Yuya,24800000,2588501115.0,Howto & Style,672,Mexico,3505.0,9.0,1300.0,2009.0,40.2,3.42
245,America's Got Talent,24800000,3699352704.0,Entertainment,1894,United States,2122.0,72.0,537600.0,2006.0,88.2,14.7
247,EminemVEVO,24700000,20531704527.0,Music,104,United States,115.0,73.0,557800.0,2009.0,88.2,14.7
248,Chloe Ting,24700000,2994726412.0,Howto & Style,412,Australia,2897.0,2.0,93100.0,2011.0,113.1,5.27
249,KatyPerryVEVO,24600000,23755792542.0,Music,175,United States,82.0,74.0,355800.0,2009.0,88.2,14.7
250,Mark Rober,24600000,3647987299.0,Science & Technology,120,United States,2178.0,74.0,354500.0,2011.0,88.2,14.7
251,1theK (ï¿½ï¿½ï¿½ï¿½ï,24500000,23962070944.0,Music,18950,South Korea,79.0,6.0,422300.0,2011.0,94.3,4.15
252,Like Nastya AE,24400000,12385924995.0,Entertainment,658,United States,312.0,75.0,679500.0,2018.0,88.2,14.7
254,Pen Movies,24300000,6608773195.0,Film & Animation,1667,India,903.0,53.0,379400.0,2014.0,28.1,5.36
255,MrBeast en Espaï¿½ï,24200000,2700914170.0,Entertainment,67,Mexico,3309.0,10.0,134400.0,2021.0,40.2,3.42
258,Alejo Igoa,24100000,10999000479.0,Comedy,802,Argentina,376.0,4.0,1600000.0,2014.0,90.0,9.79
260,netd mï¿½ï¿,24100000,56106087508.0,Music,23491,Turkey,14.0,2.0,1700000.0,2014.0,23.9,13.49
261,DJ Snake,24100000,8425505919.0,Music,252,United States,602.0,77.0,253200.0,2008.0,88.2,14.7
263,KSI,24100000,6002166932.0,Entertainment,1252,United Kingdom,1053.0,10.0,21800.0,2009.0,60.0,3.85
264,Spider Slack,24000000,13943030228.0,Comedy,901,Brazil,252.0,13.0,3000000.0,2020.0,51.3,12.08
266,Preston,24000000,8279004442.0,Gaming,4009,United States,621.0,78.0,606800.0,2012.0,88.2,14.7
267,James Charles,23900000,4067878931.0,Entertainment,505,United States,1860.0,79.0,232500.0,2015.0,88.2,14.7
268,Collins Key,23900000,6582932625.0,Entertainment,257,United States,911.0,79.0,43400.0,2011.0,88.2,14.7
269,Diana and Roma EN,23900000,7213499085.0,People & Blogs,511,United States,787.0,79.0,711100.0,2011.0,88.2,14.7
271,Troom Troom,23800000,10414479943.0,Howto & Style,2425,United States,412.0,80.0,392200.0,2015.0,88.2,14.7
272,Enrique Iglesias,23800000,17688774915.0,Music,443,United States,154.0,80.0,491700.0,2007.0,88.2,14.7
273,Ninja,23700000,2543809954.0,Gaming,1732,United States,3590.0,81.0,33500.0,2011.0,88.2,14.7
274,FaZe Rug,23700000,7451792132.0,Gaming,0,Canada,4057944.0,3885.0,0.0,2012.0,68.9,5.56
275,Mister Max,23700000,15510153803.0,People & Blogs,1099,United Kingdom,208.0,11.0,131300.0,2014.0,60.0,3.85
276,That Little Puff,23700000,20289689389.0,Pets & Animals,769,United States,118.0,81.0,3000000.0,2020.0,88.2,14.7
278,Juan De Dios Pantoja,23600000,2135644776.0,Entertainment,226,Mexico,4529.0,11.0,187400.0,2014.0,40.2,3.42
279,Logan Paul,23600000,5994002464.0,Entertainment,719,United States,1057.0,82.0,43200.0,2015.0,88.2,14.7
280,Maya and Mary,23600000,6766461070.0,Entertainment,552,United States,883.0,82.0,178200.0,2013.0,88.2,14.7
281,Peppa Pig Espaï¿½ï¿½ï¿½ï¿½ï¿½ï¿½ï¿½ï¿½ï¿½,23600000,7920637200.0,Film & Animation,1251,United Kingdom,668.0,12.0,214400.0,2014.0,60.0,3.85
282,Jelly,23500000,14777034543.0,Gaming,6066,United Kingdom,229.0,13.0,166700.0,2014.0,60.0,3.85
283,Miss Katy,23500000,14696994366.0,People & Blogs,1044,United Kingdom,235.0,13.0,238500.0,2014.0,60.0,3.85
284,Tilak,23400000,9465863821.0,Film & Animation,6672,India,493.0,56.0,1500000.0,2020.0,28.1,5.36
285,Valentina Pontes ofc,23400000,7926899136.0,Film & Animation,1291,Brazil,667.0,14.0,113100.0,2014.0,51.3,12.08
286,Sesame Street,23300000,22471357411.0,Entertainment,3657,United States,99.0,83.0,496700.0,2006.0,88.2,14.7
287,Happy Lives,23200000,2634.0,Science & Technology,1,United States,4053372.0,84.0,0.0,2016.0,88.2,14.7
288,Lady Gaga,23200000,15751661213.0,People & Blogs,172,United States,198.0,83.0,572700.0,2008.0,88.2,14.7
290,Wave Music Bhojpuri,23100000,12889240875.0,Music,22578,India,293.0,59.0,210700.0,2014.0,28.1,5.36
291,GMM GRAMMY OFFICIAL,23100000,25579831081.0,Music,15462,Thailand,68.0,4.0,520900.0,2010.0,49.3,0.75
292,TED,23100000,2551113422.0,People & Blogs,4445,United States,3568.0,85.0,53000.0,2006.0,88.2,14.7
293,unknown boy varun,23100000,9299371231.0,Music,456,India,506.0,58.0,1200000.0,2016.0,28.1,5.36
294,Kids TV - Nursery Rhymes And Baby Songs,23100000,13151870846.0,Shows,3781,United States,282.0,85.0,513800.0,2013.0,88.2,14.7
295,Tsuriki Show,23000000,31494513067.0,Entertainment,2905,Germany,34.0,1.0,3000000.0,2019.0,70.2,3.04
296,Technical Guruji,23000000,3378047383.0,Science & Technology,5041,India,2420.0,60.0,89000.0,2015.0,28.1,5.36
297,DrossRotzank,23000000,6041264489.0,Entertainment,1598,Argentina,1040.0,5.0,142200.0,2006.0,90.0,9.79
298,White Hill Music,23000000,10939966484.0,Entertainment,5718,India,382.0,60.0,372700.0,2014.0,28.1,5.36
299,Ultra Movie Parlour,22900000,5320485069.0,Movies,1670,India,1248.0,61.0,0.0,2011.0,28.1,5.36
300,Alan Becker,22900000,5380073627.0,Film & Animation,0,United States,4057944.0,7700.0,0.0,2006.0,88.2,14.7
301,toyorbabytv,22900000,16298342829.0,Music,1159,Jordan,181.0,2.0,676200.0,2012.0,34.4,14.72
302,BabyBus - Canciones Infantiles & Videos para Niï¿½ï,22900000,13206471140.0,Education,1251,Mexico,278.0,12.0,547300.0,2018.0,40.2,3.42
304,Vania Mania Kids,22700000,10115316784.0,People & Blogs,985,United States,438.0,87.0,620900.0,2015.0,88.2,14.7
306,Sun TV,22600000,20847038152.0,People & Blogs,60964,India,109.0,63.0,3900000.0,2016.0,28.1,5.36
307,Heroindori,22600000,9223534599.0,Comedy,495,India,508.0,62.0,1600000.0,2020.0,28.1,5.36
308,The Chainsmokers,22600000,14231943358.0,Music,180,United States,246.0,88.0,326600.0,2012.0,88.2,14.7
309,mmoshaya,22600000,17507060680.0,People & Blogs,1189,Saudi Arabia,156.0,1.0,295300.0,2010.0,68.0,5.93
310,Sia,22600000,13405849040.0,Music,171,United States,273.0,88.0,381000.0,2007.0,88.2,14.7
311,LeoNata Family,22600000,27084848152.0,People & Blogs,2321,United States,57.0,87.0,4700000.0,2021.0,88.2,14.7
312,Goldmines Cineplex,22500000,2431154438.0,Film & Animation,3377,India,3793.0,64.0,195000.0,2015.0,28.1,5.36
314,SSundee,22500000,13835173331.0,Gaming,3315,United States,261.0,90.0,700400.0,2009.0,88.2,14.7
315,Paulo Londra,22400000,8040036209.0,Music,58,Argentina,648.0,6.0,289000.0,2016.0,90.0,9.79
316,Smile Family,22300000,8663830163.0,People & Blogs,34,France,3805801.0,3046.0,3.0,2019.0,65.6,8.43
317,FGTeeV,22300000,24059336857.0,Gaming,1724,United States,77.0,91.0,528400.0,2013.0,88.2,14.7
318,Kinder Spielzeug Kanal (Kidibli),22200000,11136266461.0,Entertainment,999,United States,370.0,92.0,557300.0,2015.0,88.2,14.7
319,Charlie Puth,22000000,9924807127.0,Music,157,United States,449.0,94.0,446000.0,2009.0,88.2,14.7
321,Sagawa /ï¿½ï¿½ï¿½,22000000,18347969186.0,Entertainment,6274,Japan,144.0,3.0,2800000.0,2021.0,63.2,2.29
322,Ben Azelart,21900000,4454917643.0,Film & Animation,301,United States,1620.0,94.0,739800.0,2014.0,88.2,14.7
323,Zach Choi ASMR,21900000,5918314128.0,People & Blogs,946,United States,1069.0,94.0,936900.0,2014.0,88.2,14.7
324,Topper Guild,21900000,15552070846.0,Comedy,816,United States,204.0,91.0,2700000.0,2014.0,88.2,14.7
325,Disney Latinoamï¿½ï¿½,21900000,20657571751.0,Entertainment,116,Mexico,1277277.0,2973.0,19.0,2008.0,40.2,3.42
326,Stokes Twins,21800000,4469711607.0,People & Blogs,257,United States,1610.0,95.0,791800.0,2008.0,88.2,14.7
327,National Geographic,21800000,5614621131.0,Science & Technology,10162,United States,1158.0,95.0,183200.0,2006.0,88.2,14.7
328,Dua Lipa,21800000,11288359365.0,Music,164,United Kingdom,368.0,14.0,512200.0,2011.0,60.0,3.85
329,OneDirectionVEVO,21800000,12140232004.0,Music,266,United Kingdom,322.0,14.0,204500.0,2010.0,60.0,3.85
334,DUDU e CAROL,21600000,9597894786.0,Autos & Vehicles,2942,Brazil,481.0,15.0,772700.0,2013.0,51.3,12.08
335,Village Cooking Channel,21600000,5863377051.0,Howto & Style,219,India,1082.0,66.0,778400.0,2018.0,28.1,5.36
336,Eva Bravo Play,21600000,9346383505.0,Entertainment,228,United States,507.0,96.0,255700.0,2019.0,88.2,14.7
337,Tekashi 6ix9ine,21500000,5890180734.0,People & Blogs,51,United States,1081.0,96.0,454200.0,2018.0,88.2,14.7
338,Tlnovelas,21500000,15013096899.0,News & Politics,158,Mexico,1936958.0,2063.0,62.0,2014.0,40.2,3.42
340,invictor,21500000,8409641722.0,Gaming,17,Chile,4038708.0,2889.0,0.2,2016.0,88.5,7.09
341,YOLO,21400000,1573058816.0,Comedy,0,Germany,4057944.0,3810.0,0.0,2013.0,70.2,3.04
342,Sidhu Moose Wala,21400000,6264261757.0,Music,114,India,987.0,67.0,642800.0,2017.0,28.1,5.36
343,The Royalty Family,21300000,6269945014.0,People & Blogs,733,United States,982.0,98.0,640900.0,2017.0,88.2,14.7
344,Becky G,21300000,10644857969.0,Music,78,United States,396.0,98.0,412700.0,2011.0,88.2,14.7
345,Ishaan Ali 11,21300000,12761253839.0,People & Blogs,951,India,301.0,68.0,2900000.0,2016.0,28.1,5.36
346,Infinite,21300000,5141834668.0,Entertainment,1608,United States,1296.0,98.0,273400.0,2014.0,88.2,14.7
347,Azhan5star,21300000,10047736580.0,Entertainment,669,India,436.0,67.0,945200.0,2021.0,28.1,5.36
348,Dangal TV Channel,21300000,12895427184.0,Entertainment,20225,India,291.0,67.0,2200000.0,2017.0,28.1,5.36
350,GMA Public  Affairs,21200000,11364908616.0,Entertainment,31989,Philippines,359.0,4.0,569300.0,2009.0,35.5,2.15
351,Tasty,21100000,5783557209.0,Howto & Style,4728,United States,1113.0,99.0,98800.0,2016.0,88.2,14.7
352,Baim Paula,21100000,4526271677.0,People & Blogs,2325,Indonesia,1583.0,8.0,107900.0,2016.0,36.3,4.69
353,nigahiga,21000000,4380564906.0,Entertainment,403,United States,1671.0,100.0,9900.0,2006.0,88.2,14.7
354,Rafa & Luiz,21000000,7762905663.0,Entertainment,2883,Brazil,695.0,16.0,473600.0,2015.0,51.3,12.08
355,Lyrical Lemonade,21000000,10631638628.0,Entertainment,420,United States,398.0,100.0,320200.0,2013.0,88.2,14.7
357,Dr. Vivek Bindra: Motivational Speaker,20900000,1693149479.0,Education,896,India,6082.0,69.0,114400.0,2013.0,28.1,5.36
358,Fatos Desconhecidos,20900000,3828000587.0,Entertainment,6262,Brazil,2033.0,17.0,209300.0,2013.0,51.3,12.08
359,Brave Wilderness,20900000,4927879069.0,Pets & Animals,982,United States,1396.0,100.0,0.0,2014.0,88.2,14.7
360,LIV Crime,20900000,11058049885.0,People & Blogs,9850,United States,372.0,100.0,1500000.0,2020.0,88.2,14.7
362,Romeo Santos,20900000,17324976752.0,Music,6,United States,2595710.0,5417.0,0.4,2006.0,88.2,14.7
363,Canal Canalha,20800000,1870608170.0,Comedy,288,Brazil,5407.0,18.0,95600.0,2011.0,51.3,12.08
364,Kurzgesagt ï¿½ï¿½ï¿½ï¿½ï¿½ï¿,20800000,2378448129.0,Education,193,Germany,3914.0,2.0,117100.0,2013.0,70.2,3.04
365,Yoeslan,20700000,17963202261.0,Entertainment,619,United States,146.0,101.0,3500000.0,2020.0,88.2,14.7
366,5-Minute Crafts DIY,20700000,5091618606.0,Howto & Style,5062,United States,1334.0,103.0,80000.0,2018.0,88.2,14.7
368,tuzelity SHUFFLE,20700000,8658941531.0,People & Blogs,889,Russia,570.0,3.0,2200000.0,2015.0,81.9,4.59
369,NBA,20700000,12624879732.0,Sports,47926,United States,304.0,103.0,292100.0,2005.0,88.2,14.7
370,Deddy Corbuzier,20600000,4956090094.0,Entertainment,15,Indonesia,3539124.0,4044.0,0.34,2007.0,36.3,4.69
371,Bizarrap,20600000,7657171980.0,Comedy,83,Argentina,711.0,8.0,772700.0,2017.0,90.0,9.79
372,Avicii,20600000,10292874715.0,Music,156,Sweden,421.0,1.0,324900.0,2009.0,67.0,6.48
373,Mnet K-POP,20500000,15038593883.0,Entertainment,33229,South Korea,220.0,7.0,634200.0,2006.0,94.3,4.15
374,LazarBeam,20500000,8768697257.0,Gaming,1323,Australia,565.0,3.0,104300.0,2015.0,113.1,5.27
375,Ninja Kidz TV,20500000,11009148579.0,Entertainment,296,United States,377.0,104.0,780800.0,2017.0,88.2,14.7
376,Totoy kids - Portuguï¿½,20400000,1796227417.0,Film & Animation,206,Brazil,5673.0,19.0,158000.0,2014.0,51.3,12.08
377,Jake Paul,20400000,7311322368.0,People & Blogs,1006,United States,778.0,105.0,58600.0,2013.0,88.2,14.7
378,Linkin Park,20400000,13397000296.0,Music,0,Afghanistan,4057944.0,1385.0,0.0,2006.0,9.7,11.12
379,Vijay Television,20400000,29406206620.0,Entertainment,51515,India,43.0,70.0,3600000.0,2007.0,28.1,5.36
380,SlivkiShow,20400000,4707412332.0,Entertainment,462,Ukraine,1489.0,1.0,116000.0,2012.0,82.7,8.88
381,Emiway Bantai,20400000,3579555124.0,Music,239,India,2236.0,70.0,165200.0,2013.0,28.1,5.36
382,Got Talent Global,20300000,2441288701.0,Entertainment,1245,United Kingdom,3750.0,15.0,345800.0,2013.0,60.0,3.85
384,BabyBus - Cerita & Lagu Anak-anak,20300000,11819051552.0,Education,875,Indonesia,332.0,10.0,451100.0,2019.0,36.3,4.69
385,Ami Rodriguez,20200000,2951914200.0,Entertainment,460,Colombia,2959.0,7.0,1100000.0,2009.0,55.3,9.71
386,Noor Stars,20200000,2764127969.0,Comedy,693,United Arab Emirates,3238.0,5.0,62200.0,2014.0,36.8,2.35
388,Kiddiestv Hindi - Nursery Rhymes & Kids Songs,20200000,7274150246.0,Education,226,India,780.0,71.0,453700.0,2017.0,28.1,5.36
389,dednahype,20200000,20919403720.0,Comedy,1935,Latvia,108.0,1.0,5000000.0,2020.0,88.1,6.52
390,Marta and Rustam,20200000,19694265358.0,Comedy,761,United States,126.0,106.0,1800000.0,2021.0,88.2,14.7
391,MiawAug,20200000,6098644584.0,Gaming,3713,Indonesia,1023.0,11.0,258000.0,2014.0,36.3,4.69
392,CookieSwirlC,20100000,23353115850.0,Entertainment,3774,United States,86.0,108.0,886800.0,2013.0,88.2,14.7
393,Skrillex,20100000,6618524158.0,Music,241,United States,905.0,108.0,101100.0,2010.0,88.2,14.7
394,AuthenticGames,20100000,8920141342.0,Gaming,4974,Brazil,549.0,20.0,21700.0,2011.0,51.3,12.08
396,Pencilmation,20100000,11317309935.0,Film & Animation,1481,United States,366.0,109.0,59400.0,2007.0,88.2,14.7
397,7clouds,20100000,14816075927.0,Music,2384,United States,227.0,108.0,1100000.0,2013.0,88.2,14.7
398,5-Minute Crafts PLAY,20100000,6119294270.0,Howto & Style,5491,United States,1014.0,108.0,423100.0,2017.0,88.2,14.7
399,Marvel Entertainment,20100000,5634695322.0,Entertainment,1,United States,4054962.0,6143.0,0.25,2011.0,88.2,14.7
400,BuzzFeedVideo,20100000,17913237851.0,People & Blogs,7737,United States,150.0,108.0,36400.0,2011.0,88.2,14.7
401,REACT,20000000,13154314376.0,Entertainment,4339,United States,281.0,109.0,92800.0,2007.0,88.2,14.7
402,Vevo,20000000,559765455.0,Music,1527,United States,22747.0,109.0,5300.0,2006.0,88.2,14.7
403,Gordon Ramsay,20000000,3875172235.0,Entertainment,1527,United Kingdom,2001.0,16.0,156900.0,2006.0,60.0,3.85
404,Pentatonix,20000000,6033295543.0,Music,1,Canada,4051673.0,4072.0,0.0,2006.0,68.9,5.56
405,Green Gold TV - Official Channel,20000000,9715291883.0,Film & Animation,1476,India,473.0,72.0,0.0,2011.0,28.1,5.36
406,Gusttavo Lima Oficial,19900000,13917423958.0,Music,416,Brazil,258.0,21.0,859200.0,2010.0,51.3,12.08
407,HaerteTest,19800000,3234880084.0,Science & Technology,1411,Germany,2583.0,3.0,22600.0,2011.0,70.2,3.04
408,Crafty Panda,19800000,5759442450.0,People & Blogs,760,United States,1120.0,111.0,24500.0,2017.0,88.2,14.7
409,SOMOY TV,19800000,12293479945.0,News & Politics,9930,United States,1291541.0,2251.0,65.0,2013.0,88.2,14.7
410,JennaMarbles,19700000,1803249241.0,Comedy,250,United States,5665.0,112.0,15100.0,2010.0,88.2,14.7
412,Official Pink Panther,19700000,10955619815.0,Film & Animation,1,United States,4052414.0,7741.0,0.0,2011.0,88.2,14.7
413,Britain's Got Talent,19700000,11323617496.0,Entertainment,4225,United Kingdom,364.0,17.0,216800.0,2008.0,60.0,3.85
414,SCTV,19700000,9808676159.0,Entertainment,267,United Kingdom,2831648.0,3695.0,1.0,2006.0,60.0,3.85
415,AS Gaming,19600000,2851024430.0,Gaming,17,United States,3857915.0,7711.0,0.09,2009.0,88.2,14.7
416,Sony AATH,19600000,13930021471.0,Shows,18661,United States,257.0,112.0,1100000.0,2013.0,88.2,14.7
417,tabii Urdu,19600000,8779729549.0,Entertainment,1306,Turkey,562.0,3.0,443200.0,2020.0,23.9,13.49
418,DaFuq!?Boom!,19600000,7906181776.0,Film & Animation,214,United States,656.0,112.0,9200000.0,2016.0,88.2,14.7
419,Clash of Clans,19600000,3961318438.0,Gaming,674,United States,1934.0,113.0,89200.0,2013.0,88.2,14.7
420,RKD Studios,19500000,5234251168.0,Entertainment,847,India,1265.0,74.0,0.0,2014.0,28.1,5.36
421,DLS News,19400000,2255542592.0,News & Politics,4750,India,4178.0,74.0,128400.0,2017.0,28.1,5.36
422,JukiLop,19400000,1577859332.0,People & Blogs,85,Mexico,6674.0,14.0,9500.0,2017.0,40.2,3.42
423,etvteluguindia,19400000,23038014291.0,Entertainment,125974,India,88.0,75.0,1100000.0,2010.0,28.1,5.36
424,FIFA,19400000,5529131886.0,Sports,10728,Switzerland,1186.0,1.0,235500.0,2006.0,59.6,4.58
428,shane,19200000,4329121104.0,People & Blogs,570,United States,1705.0,114.0,10900.0,2005.0,88.2,14.7
429,Sonotek,19200000,7590582024.0,Entertainment,8285,India,724.0,77.0,114700.0,2011.0,28.1,5.36
430,Jimmy Kimmel Live,19100000,13124645973.0,Entertainment,6526,United States,283.0,115.0,69000.0,2006.0,88.2,14.7
431,TheOdd1sOut,19100000,4566120190.0,Comedy,139,United States,1568.0,115.0,123900.0,2014.0,88.2,14.7
434,ýýýýýýýýýýýýýý ýýýý,19000000,4924054368.0,Education,60,United States,1399.0,116.0,86300.0,2018.0,88.2,14.7
435,SUPER SLICK SLIME SAM,19000000,7229175322.0,Howto & Style,903,Mexico,786.0,15.0,493400.0,2018.0,40.2,3.42
436,Wow Kidz Action,19000000,8281724393.0,Film & Animation,1525,India,618.0,78.0,422800.0,2017.0,28.1,5.36
437,Turma da Mï¿½ï¿½,19000000,13824277846.0,Film & Animation,1154,Brazil,260.0,22.0,307600.0,2012.0,51.3,12.08
438,Calvin Harris,19000000,16014044618.0,Music,79,United Kingdom,191.0,18.0,409600.0,2007.0,60.0,3.85
439,KBS WORLD TV,19000000,15126092508.0,Entertainment,64496,South Korea,217.0,8.0,432000.0,2007.0,94.3,4.15
440,HiMan,18900000,2855519150.0,People & Blogs,375,Russia,3094.0,4.0,98300.0,2014.0,81.9,4.59
442,Little Angel Espaï¿½ï¿½ï¿½ï¿½ï¿½ï¿½ï¿½ï¿½ï¿½,18900000,9813245108.0,Education,719,Mexico,459.0,16.0,561600.0,2018.0,40.2,3.42
443,TED-Ed,18800000,3654621568.0,Education,2072,United States,2163.0,117.0,119500.0,2011.0,88.2,14.7
444,Sidemen,18800000,5257834105.0,Entertainment,312,United Kingdom,1263.0,19.0,312600.0,2015.0,60.0,3.85
447,Farruko,18800000,9573641299.0,Music,217,United States,485.0,117.0,391000.0,2009.0,88.2,14.7
448,ýýýýýýýýýýýýýýýýýýýýýý,18800000,9594188708.0,Entertainment,530,Ukraine,483.0,2.0,272000.0,2014.0,82.7,8.88
449,Triggered Insaan,18800000,3276891538.0,Comedy,304,India,2508.0,79.0,436100.0,2014.0,28.1,5.36
450,CKN,18700000,12295637162.0,Entertainment,16,Spain,3188353.0,4093.0,0.41,2005.0,88.9,13.96
452,Shemaroo Comedy,18600000,6047584292.0,Entertainment,4487,India,1033.0,81.0,409700.0,2007.0,28.1,5.36
454,GRAMMY GOLD OFFICIAL,18600000,20196704276.0,Music,6287,Thailand,121.0,5.0,674400.0,2014.0,49.3,0.75
455,ýýýýýýýý ýýýýýýýýýý ýýýýýýýýýý | Arab Games Network,18600000,8761255550.0,Gaming,6289,Saudi Arabia,566.0,3.0,172000.0,2013.0,68.0,5.93
456,Dan-Sa / Daniel Saboya,18500000,2908120896.0,Music,1329,Brazil,45213.0,24.0,0.0,2007.0,51.3,12.08
457,Marmok,18500000,3457618361.0,Gaming,374,Russia,2356.0,5.0,153100.0,2008.0,81.9,4.59
459,Like Nastya Vlog,18500000,8147575884.0,People & Blogs,493,Russia,630.0,5.0,195800.0,2016.0,81.9,4.59
460,Willie Salim,18500000,4051072188.0,People & Blogs,679,Indonesia,1868.0,13.0,789500.0,2014.0,36.3,4.69
461,PDK Films,18400000,4120324310.0,Entertainment,111,United States,1825.0,120.0,57700.0,2009.0,88.2,14.7
462,TheWillyrex,18400000,7038827526.0,Comedy,6943,Spain,825.0,7.0,44000.0,2011.0,88.9,13.96
463,RsiamMusic : ï¿½ï¿½ï¿½ï¿½ï¿½ï¿½ï¿½ï¿½,18400000,11544297793.0,Music,3159,Thailand,346.0,6.0,216500.0,2011.0,49.3,0.75
465,shakiraVEVO,18400000,25367126292.0,Music,197,United States,72.0,120.0,1100000.0,2009.0,88.2,14.7
466,Naisa Alifia Yuriza (N.A.Y),18300000,1606834186.0,People & Blogs,786,Indonesia,6502.0,14.0,68300.0,2017.0,36.3,4.69
467,Miley Cyrus,18300000,7760819588.0,Entertainment,142,United States,696.0,121.0,511900.0,2009.0,88.2,14.7
468,IShowSpeed,18300000,1556003039.0,Gaming,1324,United States,6734.0,120.0,561000.0,2016.0,88.2,14.7
471,INCRï¿½ï¿,18200000,3213324455.0,People & Blogs,6903,Brazil,2610.0,25.0,72200.0,2017.0,51.3,12.08
472,Jake Fellman,18100000,13378360425.0,Entertainment,420,United States,274.0,122.0,2000000.0,2012.0,88.2,14.7
473,GEN HALILINTAR,18100000,3306242674.0,Entertainment,1037,Indonesia,2498.0,15.0,109200.0,2015.0,36.3,4.69
474,SQUEEZIE,18100000,9983065083.0,Gaming,1521,France,443.0,1.0,192400.0,2011.0,65.6,8.43
475,Blippi - Educational Videos for Kids,18100000,14857290259.0,Education,707,United States,224.0,123.0,721600.0,2014.0,88.2,14.7
476,officialpsy,18100000,10703830496.0,Music,131,South Korea,393.0,10.0,260000.0,2010.0,94.3,4.15
478,Manual do Mundo,18000000,3980991248.0,Howto & Style,2470,Brazil,1922.0,26.0,219100.0,2006.0,51.3,12.08
479,How Ridiculous,18000000,9601137077.0,Sports,650,Australia,478.0,5.0,1600000.0,2009.0,113.1,5.27
480,And TV,18000000,15412333005.0,Entertainment,45,United States,4012108.0,7627.0,0.02,2006.0,88.2,14.7
481,Sebastiï¿½ï¿½ï¿½,18000000,10463166404.0,News & Politics,237,United States,406.0,124.0,443100.0,2013.0,88.2,14.7
482,SonyMusicSouthVEVO,18000000,17921124985.0,Music,5692,United States,148.0,123.0,1000000.0,2014.0,88.2,14.7
483,TheGrefg,18000000,6404852037.0,Gaming,3566,Spain,950.0,8.0,175300.0,2012.0,88.9,13.96
485,David Dobrik,17900000,7176572299.0,People & Blogs,536,United States,801.0,125.0,34600.0,2014.0,88.2,14.7
486,KatieAngel,17900000,3841205465.0,People & Blogs,982,United States,2014.0,125.0,206700.0,2015.0,88.2,14.7
487,RobleisIUTU,17900000,5168721499.0,Entertainment,1344,Argentina,1294.0,9.0,110200.0,2013.0,90.0,9.79
488,Lele Pons,17900000,5244917119.0,Comedy,185,United States,1264.0,125.0,74200.0,2015.0,88.2,14.7
489,Demi Lovato,17900000,6888074944.0,Music,314,United States,858.0,125.0,116700.0,2008.0,88.2,14.7
490,Like Nastya VNM,17900000,9867515979.0,Entertainment,602,Vietnam,455.0,1.0,337900.0,2019.0,28.5,2.01
491,Jason Derulo,17900000,9887116267.0,Music,830,United States,446.0,124.0,1800000.0,2008.0,88.2,14.7
492,MGC Playhouse,17900000,16174530046.0,Shows,1426,United States,187.0,125.0,410500.0,2009.0,88.2,14.7
494,Priyal Kukreja,17800000,11057945183.0,People & Blogs,772,India,378.0,83.0,1700000.0,2021.0,28.1,5.36
495,MSA previously My Story Animated,17800000,8588704539.0,Film & Animation,26,United States,3976090.0,5208.0,83.0,2021.0,88.2,14.7
498,ArianaGrandeVevo,17700000,20115544708.0,Music,178,United States,122.0,127.0,389700.0,2010.0,88.2,14.7
499,jaanvi patel,17700000,7912733203.0,People & Blogs,512,India,671.0,84.0,1400000.0,2018.0,28.1,5.36
500,tanboy kun,17700000,3647267655.0,People & Blogs,739,Indonesia,2169.0,17.0,192700.0,2016.0,36.3,4.69
502,Porta dos Fundos,17700000,7739048000.0,Entertainment,2240,Brazil,705.0,27.0,141300.0,2012.0,51.3,12.08
503,News 24,17700000,8396875537.0,News & Politics,211620,Ukraine,880.0,24.0,1500000.0,2006.0,82.7,8.88
504,Les' Copaque Production,17700000,9059696049.0,Film & Animation,1716,Malaysia,531.0,1.0,470900.0,2009.0,45.1,3.32
505,El Payaso Plim Plim,17700000,17247584185.0,Film & Animation,1316,Argentina,162.0,10.0,2600000.0,2013.0,90.0,9.79
506,zbing z.,17600000,9269174070.0,Gaming,3151,Thailand,511.0,7.0,220500.0,2014.0,49.3,0.75
507,MissaSinfonia,17600000,2274007523.0,Comedy,233,Mexico,4139.0,17.0,109800.0,2011.0,40.2,3.42
508,ýýýýýýýýý Liziqi,17600000,2977741577.0,Howto & Style,128,China,2917.0,1.0,89400.0,2017.0,50.6,4.32
510,DeGoBooM,17600000,6306204566.0,Gaming,4702,Chile,973.0,3.0,400900.0,2014.0,88.5,7.09
511,JFlaMusic,17600000,3802280098.0,Music,326,South Korea,2056.0,12.0,44400.0,2011.0,94.3,4.15
512,FactTechz,17500000,2238134438.0,Entertainment,709,India,4243.0,86.0,84200.0,2016.0,28.1,5.36
513,News18 India,17500000,7263619576.0,News & Politics,182742,India,770.0,85.0,1600000.0,2007.0,28.1,5.36
514,Fun For Kids TV - Hindi Rhymes,17500000,7612385622.0,Entertainment,149,India,723.0,86.0,439400.0,2017.0,28.1,5.36
515,IGN,17500000,16107116549.0,Gaming,156215,United States,189.0,129.0,393400.0,2006.0,88.2,14.7
516,Aphmau,17400000,17763586483.0,Gaming,4411,United States,152.0,129.0,1800000.0,2012.0,88.2,14.7
517,AMARINTV : ï¿½ï¿½ï¿½ï¿½ï¿½ï¿½ï¿½ï¿½ï¿½ï¿½ï¿½ï¿½,17400000,13043561912.0,Entertainment,118448,Thailand,286.0,8.0,944000.0,2014.0,49.3,0.75
518,ýýýýýýýýýýýýýýýý - Al-Remas,17400000,11144195464.0,Music,2133,Iraq,371.0,1.0,452000.0,2013.0,16.2,12.82
520,Apple,17300000,1026425106.0,Science & Technology,180,United States,11274.0,130.0,185900.0,2005.0,88.2,14.7
521,Stubborn Facts,17300000,902225615.0,Film & Animation,287,India,13315.0,87.0,3400.0,2016.0,28.1,5.36
522,Taarak Mehta Ka Ooltah Chashmah,17300000,11371738047.0,Entertainment,4778,India,356.0,87.0,1300000.0,2014.0,28.1,5.36
523,HowToBasic,17300000,3684816159.0,Howto & Style,582,Australia,2146.0,6.0,62100.0,2011.0,113.1,5.27
525,Marques Brownlee,17200000,3606912471.0,Science & Technology,1567,United States,2196.0,131.0,209300.0,2008.0,88.2,14.7
526,Anitta,17200000,7337212581.0,Music,138,Brazil,769.0,28.0,290700.0,2011.0,51.3,12.08
527,Jason Vlogs,17200000,8903647480.0,Education,83,Australia,4031958.0,3450.0,0.1,2014.0,113.1,5.27
528,El Reino a Jugar,17200000,11445492404.0,Education,1007,Argentina,353.0,11.0,334800.0,2015.0,90.0,9.79
529,Willyrex,17200000,5024088947.0,Gaming,7550,Spain,1359.0,9.0,61600.0,2009.0,88.9,13.96
530,TheBrianMaps,17100000,4448334716.0,Comedy,498,Russia,1624.0,6.0,148700.0,2012.0,81.9,4.59
531,TRANS TV Official,17100000,9710962528.0,Entertainment,148225,Indonesia,472.0,18.0,183200.0,2014.0,36.3,4.69
532,Liza Koshy,17100000,2173106162.0,Comedy,142,United States,4443.0,132.0,7000.0,2013.0,88.2,14.7
533,Queen Official,17000000,10847948832.0,Music,1015,United Kingdom,385.0,21.0,375100.0,2008.0,60.0,3.85
534,Prajapati News,17000000,1001465469.0,Comedy,1407,India,11662.0,89.0,30500.0,2013.0,28.1,5.36
536,LuisFonsiVEVO,17000000,14543594822.0,Music,97,United States,241.0,133.0,199300.0,2009.0,88.2,14.7
537,Pop Chartbusters,16900000,8684010451.0,Music,2235,India,574.0,90.0,291600.0,2011.0,28.1,5.36
538,Guava Juice,16900000,9111000228.0,Gaming,1910,United States,527.0,134.0,43600.0,2006.0,88.2,14.7
539,EeOneGuy,16900000,3827906874.0,Entertainment,366,United States,2039.0,134.0,6500.0,2013.0,88.2,14.7
540,VICE,16900000,4609753237.0,Entertainment,3900,United States,1543.0,134.0,145400.0,2005.0,88.2,14.7
541,Aayu and Pihu Show,16900000,9270331567.0,Comedy,441,India,510.0,90.0,359100.0,2017.0,28.1,5.36
542,Danny Fitt,16900000,9544277833.0,People & Blogs,2337,United States,488.0,134.0,1100000.0,2016.0,88.2,14.7
543,Bispo Bruno Leonardo,16900000,3523578665.0,Nonprofits & Activism,4891,Brazil,2307.0,29.0,598200.0,2016.0,51.3,12.08
547,Like Nastya IDN,16800000,7195314800.0,Entertainment,502,Indonesia,795.0,19.0,171300.0,2019.0,36.3,4.69
548,Gato Galactico | GALï¿½ï¿,16800000,3693798804.0,Film & Animation,1491,Brazil,2129.0,30.0,176500.0,2013.0,51.3,12.08
550,CoryxKenshin,16700000,7102965621.0,Gaming,1693,United States,814.0,135.0,420500.0,2009.0,88.2,14.7
551,With Kids[ï¿½ï¿½ï¿½ï¿½ï,16700000,8826138204.0,Entertainment,920,United States,559.0,135.0,182800.0,2012.0,88.2,14.7
552,Travis Scott,16700000,7979736581.0,Music,13,United States,564542.0,1920.0,150.0,2010.0,88.2,14.7
553,Tu COSMOPOLIS,16700000,5089284369.0,People & Blogs,8741,Mexico,1337.0,19.0,64600.0,2014.0,40.2,3.42
555,Werever2morro,16600000,2798273962.0,Entertainment,0,Mexico,4057944.0,4248.0,0.0,2010.0,40.2,3.42
556,IDEAS EN 5 MINUTOS,16600000,3696973456.0,Howto & Style,216,Spain,3108857.0,2753.0,262.0,2017.0,88.9,13.96
557,NMF News,16600000,7435180827.0,News & Politics,112261,India,749.0,91.0,236800.0,2013.0,28.1,5.36
558,SriBalajiMovies,16600000,9439857193.0,Entertainment,20102,India,497.0,91.0,616200.0,2011.0,28.1,5.36
559,Lahari Music - TSeries,16600000,11946217860.0,Music,8976,India,326.0,91.0,356000.0,2011.0,28.1,5.36
560,Younes Zarou,16600000,15278668857.0,Entertainment,2200,Germany,213.0,4.0,2500000.0,2021.0,70.2,3.04
561,Jordan Matter,16600000,5819508534.0,Entertainment,413,United States,1088.0,136.0,796100.0,2006.0,88.2,14.7
562,ýýýýýýýý ýýýýýýýýýýýýýýýýýýýýýý,16500000,2440934034.0,Entertainment,421,United States,3778.0,137.0,87800.0,2014.0,88.2,14.7
563,FailArmy,16500000,3037260680.0,Comedy,438,United States,2766.0,137.0,451900.0,2011.0,88.2,14.7
564,BBC News Hindi,16500000,7043235131.0,News & Politics,21243,India,821.0,92.0,524800.0,2009.0,28.1,5.36
565,FunFun Toy Doll TV,16500000,7406207930.0,Entertainment,735,United States,757.0,137.0,97500.0,2016.0,88.2,14.7
566,Sandra Cires Art,16400000,3955426159.0,Howto & Style,1091,United States,1938.0,138.0,72100.0,2011.0,88.2,14.7
567,Kaykai Salaider,16400000,4434679706.0,Comedy,428,Thailand,1636.0,9.0,37400.0,2011.0,49.3,0.75
568,UFC - Ultimate Fighting Championship,16400000,7135820721.0,Sports,14662,United States,806.0,138.0,532800.0,2006.0,88.2,14.7
569,Ch7HD,16400000,9463244435.0,Entertainment,56203,Thailand,496.0,9.0,351000.0,2010.0,49.3,0.75
572,GMMTV OFFICIALï¿½ï¿½,16400000,12844432341.0,Entertainment,23952,Thailand,294.0,9.0,725500.0,2010.0,49.3,0.75
573,Matt Stonie,16300000,3527627264.0,Entertainment,54,United States,283499.0,1874.0,119.0,2010.0,88.2,14.7
574,Boyce Avenue,16300000,6578828147.0,Music,490,United States,913.0,139.0,115100.0,2007.0,88.2,14.7
575,Camila Cabello,16300000,6613422635.0,Music,80,United States,906.0,139.0,170800.0,2015.0,88.2,14.7
576,Little Mix,16300000,7520242626.0,Music,278,United Kingdom,740.0,22.0,154400.0,2011.0,60.0,3.85
577,SAM SMITH,16300000,10170264839.0,Music,230,United Kingdom,428.0,22.0,343100.0,2012.0,60.0,3.85
578,Pitbull,16300000,12475714382.0,Music,352,United States,308.0,139.0,352000.0,2006.0,88.2,14.7
579,Bollywood Classics,16300000,7141825267.0,Entertainment,1444,India,804.0,93.0,605900.0,2011.0,28.1,5.36
580,Technoblade,16300000,1656452554.0,Gaming,989,United States,6274.0,138.0,71800.0,2013.0,88.2,14.7
581,W2S,16300000,4768370464.0,Gaming,652,United Kingdom,1455.0,22.0,12300.0,2012.0,60.0,3.85
582,Jennifer Lopez,16200000,10227242833.0,Music,258,United States,426.0,140.0,253800.0,2005.0,88.2,14.7
583,Kids Play,16200000,8091706232.0,Entertainment,593,United States,636.0,140.0,103600.0,2018.0,88.2,14.7
584,T3ddy,16200000,2990185467.0,Comedy,1930,Brazil,2898.0,31.0,132100.0,2012.0,51.3,12.08
585,JJ Olatunji,16200000,4076692623.0,Gaming,1294,United Kingdom,1856.0,23.0,111200.0,2011.0,60.0,3.85
586,POPS Kids,16200000,9763592867.0,Music,3943,Vietnam,462.0,2.0,1000000.0,2014.0,28.5,2.01
587,Thairath Online,16200000,14563841315.0,News & Politics,244899,Thailand,238.0,10.0,899000.0,2010.0,49.3,0.75
588,LEGO,16200000,20522339099.0,Entertainment,31889,Singapore,116.0,1.0,468800.0,2005.0,84.8,4.11
589,XO TEAM,16200000,14784781923.0,People & Blogs,189,United States,153622.0,1776.0,152.0,2020.0,88.2,14.7
590,AdMe,16200000,4488680903.0,Entertainment,10,Spain,4048675.0,4228.0,0.02,2006.0,88.9,13.96
592,Dyland PROS,16100000,1517638132.0,Entertainment,2805,Indonesia,6986.0,21.0,38500.0,2015.0,36.3,4.69
595,Canal IN,16100000,2687443643.0,People & Blogs,723,Brazil,3338.0,32.0,55200.0,2017.0,51.3,12.08
597,Daily Dose Of Internet,16100000,6872702790.0,Entertainment,671,United States,851.0,140.0,1600000.0,2015.0,88.2,14.7
598,FitDance,16100000,7126210721.0,Music,41,France,4006012.0,3726.0,3.0,2006.0,65.6,8.43
600,Disney Junior,16100000,15812009296.0,Entertainment,4045,United States,196.0,140.0,1100000.0,2008.0,88.2,14.7
601,La Rosa de Guadalupe,16100000,9642146451.0,Entertainment,0,Mexico,4057944.0,4258.0,0.0,2008.0,40.2,3.42
603,wifistudy,16000000,3018032423.0,Education,52144,India,2855.0,94.0,57100.0,2014.0,28.1,5.36
604,Antrax,16000000,3029872908.0,Gaming,687,Mexico,2844.0,23.0,18800.0,2015.0,40.2,3.42
606,Totoy kids - Espaï¿½ï,16000000,5997599089.0,Film & Animation,344,Mexico,1048.0,23.0,449600.0,2017.0,40.2,3.42
607,ýýýýýýýýýý,15900000,1845329502.0,People & Blogs,0,Russia,4057944.0,3309.0,0.0,2017.0,81.9,4.59
608,DopeLyrics,15900000,9962188084.0,Music,2035,United States,444.0,142.0,39700.0,2016.0,88.2,14.7
609,jeffreestar,15900000,2609358468.0,Howto & Style,433,United States,3474.0,142.0,8000.0,2006.0,88.2,14.7
610,Lyna,15900000,6534326412.0,Gaming,4906,Argentina,919.0,12.0,256300.0,2014.0,90.0,9.79
611,MK MUSIC,15900000,9198986881.0,Music,5105,Brazil,516.0,33.0,545600.0,2010.0,51.3,12.08
612,Unspeakable,15900000,9052367553.0,Gaming,796,United States,530.0,142.0,659600.0,2016.0,88.2,14.7
613,Camilo,15900000,6802382479.0,Music,132,Colombia,871.0,8.0,239600.0,2010.0,55.3,9.71
614,Dear Sir,15800000,1349288771.0,Education,633,India,8066.0,95.0,96200.0,2016.0,28.1,5.36
615,Narendra Modi,15800000,3392918989.0,News & Politics,20679,India,2406.0,96.0,743900.0,2007.0,28.1,5.36
616,Arif muhammad,15800000,4122634467.0,People & Blogs,542,Indonesia,1816.0,22.0,287500.0,2017.0,36.3,4.69
617,Rotten Tomatoes Trailers,15800000,13116313599.0,Film & Animation,10441,United States,285.0,143.0,103000.0,2011.0,88.2,14.7
618,Volga Video,15700000,9787697838.0,Film & Animation,16874,India,463.0,97.0,205300.0,2012.0,28.1,5.36
619,DM - Desi Melodies,15700000,5914071870.0,Music,79,India,1071.0,97.0,567400.0,2017.0,28.1,5.36
621,Team Films Bhojpuri,15700000,6626563508.0,Music,19703,India,902.0,97.0,123000.0,2014.0,28.1,5.36
622,Zee Music Classic,15700000,5558051295.0,Music,1640,India,1174.0,97.0,345800.0,2014.0,28.1,5.36
623,Prime Video India,15700000,8696631898.0,Entertainment,7090,United States,569.0,144.0,1300000.0,2016.0,88.2,14.7
624,Caeli YT,15600000,1511794214.0,Entertainment,483,Mexico,7440.0,24.0,0.0,2010.0,40.2,3.42
626,Linus Tech Tips,15600000,7172386509.0,Science & Technology,6542,Canada,802.0,7.0,352900.0,2008.0,68.9,5.56
627,Juliana Baltar,15600000,3869457097.0,Entertainment,2019,Brazil,2002.0,34.0,224900.0,2010.0,51.3,12.08
628,5-Minute Crafts FAMILY,15600000,6165757696.0,People & Blogs,4245,United States,1005.0,145.0,109500.0,2018.0,88.2,14.7
629,Blippi Espaï¿½ï,15500000,8984089026.0,People & Blogs,598,Mexico,538.0,24.0,360000.0,2017.0,40.2,3.42
631,Katakit Baby TV,15500000,6386271870.0,Music,220,Saudi Arabia,954.0,4.0,363700.0,2010.0,68.0,5.93
632,Infobells Bangla,15500000,7776706184.0,Education,359,India,687.0,98.0,671600.0,2016.0,28.1,5.36
633,ýýýýýýýý ýý ýýýýýýýý,15500000,8265129639.0,Shows,1021,Saudi Arabia,619.0,4.0,540100.0,2017.0,68.0,5.93
634,Henrique e Juliano,15500000,14619523361.0,Music,325,Brazil,236.0,35.0,654700.0,2009.0,51.3,12.08
635,Mr DegrEE,15500000,12880388253.0,Science & Technology,0,United States,4057944.0,5048.0,0.0,2016.0,88.2,14.7
636,Kashvi Adlakha,15500000,12714141740.0,Entertainment,1525,India,300.0,99.0,556500.0,2017.0,28.1,5.36
637,Talking Tom & Friends,15500000,6396049701.0,Entertainment,417,United States,956.0,146.0,109500.0,2010.0,88.2,14.7
638,ýýýýýýýý ýýýýýýýýýýýýýý ýýýý 5 ýýýýýýýýýý,15500000,4499826716.0,Howto & Style,5183,Egypt,1597.0,1.0,131700.0,2017.0,35.2,10.76
639,Harsh Beniwal,15400000,1781226000.0,Comedy,165,India,5724.0,100.0,111900.0,2015.0,28.1,5.36
640,FFUNTV,15400000,11513738907.0,Gaming,379,United Arab Emirates,349.0,6.0,320700.0,2018.0,36.8,2.35
641,Mobile Legends: Bang Bang,15400000,1543608082.0,Gaming,1647,United States,6793.0,147.0,221500.0,2016.0,88.2,14.7
642,Roman Atwood Vlogs,15400000,5469103954.0,People & Blogs,1756,United States,1201.0,147.0,6300.0,2013.0,88.2,14.7
643,Mrwhosetheboss,15400000,3736069980.0,Science & Technology,1577,United Kingdom,2083.0,24.0,670800.0,2011.0,60.0,3.85
644,Genierock,15400000,14564170905.0,Music,1725,Thailand,239.0,11.0,331200.0,2008.0,49.3,0.75
645,zayn,15400000,4909687948.0,Music,21,United States,1401.0,147.0,147200.0,2016.0,88.2,14.7
646,Kerajinan 5-Menit,15400000,4750420071.0,People & Blogs,4186,Indonesia,1461.0,23.0,79000.0,2018.0,36.3,4.69
647,FC Barcelona,15300000,2656528205.0,Sports,10988,Spain,3356.0,11.0,339500.0,2006.0,88.9,13.96
648,Dave and Ava - Nursery Rhymes and Baby Songs,15300000,10714145606.0,Education,851,United States,390.0,148.0,308200.0,2014.0,88.2,14.7
649,LOKESH GAMER,15300000,1640078055.0,Gaming,1397,India,6356.0,101.0,23700.0,2017.0,28.1,5.36
650,ILYA BORZOV,15300000,9938811455.0,People & Blogs,2175,Russia,441.0,8.0,1900000.0,2021.0,81.9,4.59
651,Mazhavil Manorama,15300000,16545966132.0,Entertainment,87864,India,175.0,100.0,1400000.0,2011.0,28.1,5.36
652,Pokï¿½ï¿½ï¿½ï¿½ï¿½ï¿½ï¿½ï¿½ï¿½,15200000,857725714.0,People & Blogs,194,India,13929.0,100.0,261500.0,2017.0,28.1,5.36
653,The MriDul,15200000,4503880875.0,Comedy,106,India,1593.0,102.0,393300.0,2015.0,28.1,5.36
654,Niana Guerrero,15200000,1491452935.0,Entertainment,443,Philippines,7153.0,6.0,39900.0,2013.0,35.5,2.15
655,SRK MUSIC,15200000,6391679636.0,Music,5056,India,955.0,102.0,231200.0,2012.0,28.1,5.36
656,Sony LIV,15200000,7151683497.0,Entertainment,11099,India,794.0,102.0,843600.0,2014.0,28.1,5.36
657,T-Series Hamaar Bhojpuri,15200000,7564652648.0,Entertainment,9862,India,728.0,101.0,423900.0,2011.0,28.1,5.36
658,Oyuncak Avï¿,15200000,8333387785.0,Entertainment,654,Turkey,615.0,5.0,17700.0,2014.0,23.9,13.49
659,CNN,15200000,14198154095.0,News & Politics,160405,United States,247.0,148.0,748000.0,2005.0,88.2,14.7
660,NDTV India,15200000,6624168155.0,News & Politics,91704,India,900.0,101.0,198600.0,2008.0,28.1,5.36
661,It's Mamix,15100000,1777072487.0,People & Blogs,210,United States,5778.0,150.0,63900.0,2017.0,88.2,14.7
663,Daftar Populer,15100000,2143140898.0,Education,3810,Indonesia,4520.0,24.0,68900.0,2017.0,36.3,4.69
665,Ranz Kyle,15100000,1760131384.0,People & Blogs,533,Philippines,5849.0,7.0,49500.0,2008.0,35.5,2.15
666,PowerfulJRE,15100000,3060202847.0,People & Blogs,1037,United States,2796.0,149.0,173600.0,2013.0,88.2,14.7
667,Mariale,15100000,2761547758.0,Howto & Style,2618,United States,3241.0,150.0,47800.0,2010.0,88.2,14.7
668,Makiman131,15100000,4236036141.0,Gaming,2997,Spain,1760.0,12.0,23900.0,2013.0,88.9,13.96
670,Mohamed Ramadan I ï¿½ï¿½ï¿½ï¿½ï¿½ï¿½ï,15100000,5324913850.0,People & Blogs,753,Egypt,1242.0,2.0,184200.0,2014.0,35.2,10.76
671,EdisonPts,15100000,6668507856.0,Gaming,3733,Russia,894.0,10.0,382400.0,2013.0,81.9,4.59
672,BIGBANG,15100000,7857371770.0,Music,776,South Korea,680.0,13.0,163200.0,2005.0,94.3,4.15
673,Rubï¿½ï¿½ï¿½ï¿½ï¿½ï¿½,15100000,9477021288.0,Comedy,921,Argentina,491.0,13.0,2000000.0,2016.0,90.0,9.79
674,ABS-CBN News,15100000,10489367372.0,News & Politics,209520,Philippines,404.0,7.0,726600.0,2009.0,35.5,2.15
675,Chapitosiki,15100000,13897932103.0,Entertainment,2717,Russia,256.0,9.0,2900000.0,2020.0,81.9,4.59
676,AdeleVEVO,15100000,12413869881.0,Music,52,United Kingdom,309.0,25.0,339000.0,2009.0,60.0,3.85
677,MoreAliA,15000000,4352427049.0,Gaming,2324,United Kingdom,1663.0,25.0,1000000.0,2013.0,60.0,3.85
678,Chetan Monga Vlogs,15000000,9924103188.0,People & Blogs,899,India,457.0,104.0,454300.0,2014.0,28.1,5.36
679,Little Angel - Mï¿½ï¿½ï¿½ï¿½ï¿½ï¿½ï¿½ï¿½ï¿½ï¿½,15000000,8897705695.0,Entertainment,795,Brazil,548.0,36.0,581900.0,2018.0,51.3,12.08
680,League of Legends,15000000,7159750970.0,Gaming,1362,United States,805.0,151.0,172500.0,2009.0,88.2,14.7
681,TheRichest,15000000,2730879024.0,Education,0,United States,4057944.0,7692.0,0.0,2006.0,88.2,14.7
682,XpressTV,15000000,4008801873.0,Entertainment,724,Mexico,1907.0,26.0,135500.0,2014.0,40.2,3.42
683,PlayStation,15000000,4741434420.0,Gaming,20292,United States,1469.0,151.0,167200.0,2005.0,88.2,14.7
684,Kwebbelkop,15000000,6889304306.0,Gaming,5198,United States,857.0,151.0,118900.0,2008.0,88.2,14.7
685,Republic Bharat,15000000,7536093065.0,News & Politics,206,India,1145576.0,2573.0,4.0,2018.0,28.1,5.36
686,THE BROWN SIBLINGS,15000000,8658553456.0,Entertainment,965,India,577.0,103.0,409400.0,2016.0,28.1,5.36
687,Sony Music South,15000000,9978734160.0,Music,2726,India,439.0,103.0,968700.0,2014.0,28.1,5.36
689,Ray William Johnson,15000000,10239836582.0,Entertainment,1803,United States,423.0,151.0,1300000.0,2008.0,88.2,14.7
690,KOMPASTV,15000000,11827310821.0,News & Politics,269050,Indonesia,331.0,25.0,452300.0,2013.0,36.3,4.69
691,ISSEI / ï¿½ï¿½ï¿½ï¿½,15000000,13562853889.0,Comedy,1788,Japan,277.0,5.0,1100000.0,2014.0,63.2,2.29
692,Zï¿½ï¿½ï¿½ï¿½ï¿½ï¿½ï,15000000,11506702632.0,Music,340,Brazil,347.0,36.0,731500.0,2012.0,51.3,12.08
693,A2 Motivation by Arvind Arora,15000000,8932038210.0,Entertainment,3168,India,544.0,104.0,522900.0,2017.0,28.1,5.36
694,50 Cent,14900000,10069000444.0,Music,419,United States,435.0,152.0,479200.0,2007.0,88.2,14.7
695,MNCTV OFFICIAL,14900000,8074260978.0,Entertainment,66362,Indonesia,639.0,26.0,174300.0,2012.0,36.3,4.69
696,ERB,14900000,4033400167.0,Entertainment,86,United States,1886.0,152.0,44200.0,2006.0,88.2,14.7
697,melanie martinez,14900000,4395184343.0,Music,127,United States,1656.0,152.0,225400.0,2007.0,88.2,14.7
698,iTownGamePlay *Terror&Diversiï¿½ï,14900000,4977284539.0,Entertainment,8420,Spain,1377.0,13.0,55400.0,2012.0,88.9,13.96
699,ýýýýýýýýýýýý8 : Thai Ch8,14900000,5549770244.0,Entertainment,27944,Thailand,1181.0,12.0,198200.0,2011.0,49.3,0.75
701,ýýýýýý,14900000,439098.0,People & Blogs,1,Russia,3609784.0,10.0,31.0,2008.0,81.9,4.59
702,TazerCraft,14900000,5956193599.0,Gaming,4175,Brazil,1066.0,37.0,159100.0,2011.0,51.3,12.08
703,Bayashi TV,14900000,8615618825.0,Entertainment,93,Japan,3468229.0,3508.0,10.0,2012.0,63.2,2.29
704,Fueled By Ramen,14800000,13356517783.0,Music,1210,United States,276.0,153.0,244800.0,2006.0,88.2,14.7
705,CrashCourse,14800000,1833519700.0,Education,1481,United States,5533.0,153.0,28700.0,2006.0,88.2,14.7
706,MattyBRaps,14800000,3587576784.0,Music,195,United States,2226.0,153.0,91900.0,2010.0,88.2,14.7
707,Lachlan,14800000,5269059435.0,Gaming,3834,Australia,1253.0,7.0,84300.0,2013.0,113.1,5.27
708,ýýýýýýýý ýýýýýýýý,14800000,7018015062.0,Howto & Style,2387,Ukraine,828.0,3.0,188500.0,2015.0,82.7,8.88
709,Meghan Trainor,14800000,8649303688.0,People & Blogs,233,United States,580.0,153.0,206600.0,2008.0,88.2,14.7
710,Jorge & Mateus Oficial,14800000,9076642765.0,Music,318,Brazil,529.0,38.0,352500.0,2008.0,51.3,12.08
712,Beast Philanthropy,14800000,272678287.0,People & Blogs,34,Germany,3968552.0,2600.0,152.0,2015.0,70.2,3.04
714,5-Minute Crafts Recycle,14800000,8866012877.0,People & Blogs,3867,United States,554.0,153.0,212700.0,2019.0,88.2,14.7
715,ýýýýýýýýýý ýýýýýýýýýýýý,14700000,2230986039.0,Entertainment,1385,Saudi Arabia,4276.0,5.0,10800.0,2016.0,68.0,5.93
716,Maha Fun Tv,14700000,1321380490.0,Entertainment,85,United States,8317.0,154.0,19100.0,2017.0,88.2,14.7
717,Canal Nostalgia,14700000,1506796393.0,Entertainment,554,Spain,325721.0,1549.0,906.0,2010.0,88.9,13.96
718,The Slow Mo Guys,14700000,2465473772.0,Entertainment,317,United States,3746.0,154.0,75900.0,2010.0,88.2,14.7
719,StudyIQ IAS,14700000,4029253667.0,Education,43564,India,1879.0,106.0,297900.0,2015.0,28.1,5.36
720,Chad Wild Clay,14700000,6751985988.0,Comedy,698,United States,885.0,154.0,145400.0,2006.0,88.2,14.7
721,CollegeHumor,14700000,7255848125.0,Comedy,4340,United States,798.0,154.0,0.0,2006.0,88.2,14.7
722,Netflix Jr.,14700000,8882319696.0,Education,1996,United States,552.0,154.0,317600.0,2012.0,88.2,14.7
723,Colors Rishtey,14700000,12362331529.0,Entertainment,23490,India,310.0,105.0,1400000.0,2013.0,28.1,5.36
724,ABC News,14700000,12961669452.0,News & Politics,80830,United States,289.0,154.0,742800.0,2006.0,88.2,14.7
725,Camila Loures,14700000,4684983333.0,Music,3978,Brazil,1501.0,39.0,163900.0,2014.0,51.3,12.08
726,Doc Tops,14600000,2613197447.0,Entertainment,490,Ecuador,3458.0,1.0,65600.0,2014.0,44.9,3.97
727,Auron,14600000,3337074920.0,People & Blogs,961,Spain,2455.0,14.0,242300.0,2013.0,88.9,13.96
728,Jesser,14600000,3603556207.0,Gaming,1244,United States,2223.0,155.0,370400.0,2012.0,88.2,14.7
729,Planeta das Gï¿½ï¿½,14600000,4622581344.0,People & Blogs,951,Brazil,1534.0,40.0,42200.0,2015.0,51.3,12.08
730,PrestonPlayz,14600000,5766647017.0,Gaming,4009,United States,621.0,78.0,606800.0,2012.0,88.2,14.7
731,Martin Garrix,14600000,6017932195.0,Music,365,United States,1044.0,155.0,142100.0,2011.0,88.2,14.7
732,O Reino Infantil,14600000,11182302317.0,Music,1206,Brazil,369.0,40.0,439500.0,2014.0,51.3,12.08
733,Fifth Harmony,14600000,7952268926.0,Music,67,United States,659.0,155.0,150500.0,2013.0,88.2,14.7
734,Mis Pastelitos,14600000,2750902766.0,Howto & Style,603,Mexico,3248.0,27.0,202700.0,2014.0,40.2,3.42
735,Noman Official,14600000,5525773746.0,Comedy,560,India,1185.0,106.0,556500.0,2019.0,28.1,5.36
737,Like Nastya Stories,14500000,6944967581.0,Entertainment,479,United States,848.0,156.0,119800.0,2019.0,88.2,14.7
738,les boys tv2,14500000,4577292740.0,Entertainment,453,United States,1565.0,156.0,1800.0,2017.0,88.2,14.7
740,IDEIAS INCRï¿½ï¿½,14500000,3551889957.0,Howto & Style,5430,Brazil,2269.0,41.0,11400.0,2017.0,51.3,12.08
741,Reaction Time,14500000,4260187928.0,Entertainment,1717,United States,1747.0,156.0,39600.0,2015.0,88.2,14.7
742,BBC News,14500000,4598387043.0,News & Politics,18972,United Kingdom,1548.0,26.0,265100.0,2006.0,60.0,3.85
744,Boram Tube ToysReview [ï¿½ï¿½ï¿½ï¿½ï¿½ï¿½ï¿½ï¿½ï¿,14500000,5014888374.0,People & Blogs,618,South Korea,1364.0,14.0,19800.0,2016.0,94.3,4.15
745,Aadishakti Films,14500000,6290721701.0,Music,4790,India,981.0,107.0,193800.0,2016.0,28.1,5.36
746,Telemundo,14500000,8582696157.0,Entertainment,19201,United States,592.0,156.0,193100.0,2007.0,88.2,14.7
747,GMM25Thailand,14500000,9383692066.0,Entertainment,68606,Thailand,502.0,13.0,182500.0,2011.0,49.3,0.75
748,TV9 Bharatvarsh,14500000,10303519926.0,People & Blogs,293516,India,414.0,106.0,1700000.0,2018.0,28.1,5.36
749,Maroon5VEVO,14500000,20042571499.0,Music,147,United States,123.0,156.0,392700.0,2009.0,88.2,14.7
750,Saad Lamjarred | ï¿½ï¿½ï¿½ï¿½ï¿½ï¿,14500000,4315486422.0,Music,176,Morocco,1710.0,1.0,150300.0,2012.0,35.9,9.02
752,Lilly Singh,14500000,3517662420.0,Comedy,1064,Canada,2297.0,8.0,21300.0,2010.0,68.9,5.56
753,ýýýýýýýýýýýýýýýýýýýýý,14400000,600154268.0,Entertainment,364,South Korea,21132.0,14.0,5500.0,2017.0,94.3,4.15
754,Gyan Gamingï¿½,14400000,2224121890.0,Gaming,3086,India,4292.0,107.0,55600.0,2017.0,28.1,5.36
755,Drawblogs,14400000,1629801448.0,Entertainment,399,Peru,6402.0,1.0,4000.0,2014.0,70.7,3.31
757,ýýýýýýýýýýýý ýýýýýýýýýýýý I ýýýýýý ýý ýýýýýýýýýý,14400000,2972474215.0,Entertainment,381,Saudi Arabia,2934.0,6.0,18700.0,2017.0,68.0,5.93
758,Cyprien,14400000,3086254545.0,Comedy,222,France,2767.0,2.0,45700.0,2007.0,65.6,8.43
759,Rclbeauty101,14400000,3900312631.0,Comedy,463,United States,1986.0,157.0,34500.0,2010.0,88.2,14.7
760,Coke Studio,14400000,4035738731.0,Music,450,United States,23796.0,962.0,14200.0,2008.0,88.2,14.7
761,Indore Physical Academy,14400000,4156427797.0,People & Blogs,1838,India,1793.0,107.0,281600.0,2014.0,28.1,5.36
762,Rosanna Pansino,14400000,4597228794.0,Howto & Style,1248,United States,1552.0,157.0,106700.0,2010.0,88.2,14.7
765,RS 1313 SHORTS,14400000,8011977288.0,Entertainment,5628,India,647.0,108.0,850600.0,2020.0,28.1,5.36
767,SelenaGomezVEVO,14400000,11423792969.0,Music,186,United States,354.0,157.0,354600.0,2009.0,88.2,14.7
768,ZEE5,14400000,18515587421.0,Entertainment,101401,India,142.0,108.0,599200.0,2018.0,28.1,5.36
769,Super Polina,14300000,4776507159.0,People & Blogs,576,United States,1452.0,158.0,1700.0,2014.0,88.2,14.7
770,Rebecca Zamolo,14300000,6388439235.0,Comedy,1,United States,4054606.0,6342.0,0.0,2011.0,88.2,14.7
771,Wish 107.5,14200000,6048517979.0,Music,1823,Philippines,1036.0,8.0,250600.0,2014.0,35.5,2.15
772,Invento na Hora,14200000,4040297006.0,Film & Animation,1281,Brazil,1877.0,43.0,76100.0,2014.0,51.3,12.08
773,SIS vs BRO,14200000,6973932553.0,Entertainment,60,Ukraine,3739171.0,2460.0,0.42,2016.0,82.7,8.88
774,NikkieTutorials,14200000,1778318927.0,Howto & Style,876,Netherlands,5764.0,2.0,143700.0,2008.0,85.0,3.2
775,TommyInnit,14200000,2084791147.0,Gaming,342,United Kingdom,4696.0,27.0,217200.0,2015.0,60.0,3.85
776,E-MasterSensei,14200000,3920559552.0,Gaming,1300,Mexico,1971.0,28.0,178300.0,2016.0,40.2,3.42
777,infobells - Kannada,14200000,6554000320.0,Education,433,India,912.0,110.0,566800.0,2014.0,28.1,5.36
780,SEVENGERS,14200000,10238593147.0,Comedy,872,India,422.0,110.0,1500000.0,2018.0,28.1,5.36
781,Zee Bangla,14200000,11428794827.0,Entertainment,132398,India,352.0,109.0,239700.0,2008.0,28.1,5.36
782,DangMattSmith,14200000,3317805543.0,Entertainment,1724,United States,2485.0,159.0,51600.0,2011.0,88.2,14.7
783,Neha Kakkar,14100000,2131548711.0,Music,149,India,4624.0,110.0,102400.0,2012.0,28.1,5.36
786,Trap City,14100000,5129529846.0,Music,3,Australia,4032620.0,3671.0,0.59,2015.0,113.1,5.27
787,Supercar Blondie,14100000,5405563355.0,Autos & Vehicles,855,United Arab Emirates,1202.0,7.0,1400000.0,2007.0,36.8,2.35
788,Yudist Ardhana,14100000,6036496916.0,Entertainment,2854,Indonesia,1029.0,27.0,704200.0,2016.0,36.3,4.69
789,Lana Del Rey,14100000,6884215292.0,Music,43,United States,856.0,160.0,542300.0,2011.0,88.2,14.7
790,MalumaVEVO,14100000,19013942981.0,Music,182,United States,138.0,160.0,395300.0,2011.0,88.2,14.7
791,F2Freestylers - Ultimate Soccer Skills Channel,14100000,3280481927.0,Sports,777,United Kingdom,2530.0,28.0,40900.0,2011.0,60.0,3.85
792,Bie The Ska,14100000,4627069704.0,Entertainment,1540,Thailand,1531.0,14.0,50000.0,2006.0,49.3,0.75
793,AM3NlC,14000000,4959982720.0,Gaming,5757,Brazil,1392.0,45.0,40800.0,2012.0,51.3,12.08
794,Narins Beauty,14000000,2214167846.0,Howto & Style,431,Sweden,4325.0,3.0,54800.0,2014.0,67.0,6.48
795,TV Ana Emilia,14000000,4674164601.0,People & Blogs,651,Mexico,1504.0,29.0,107100.0,2014.0,40.2,3.42
796,ýýýýýýýýýýýý,14000000,7719743112.0,Gaming,2210,Russia,703.0,12.0,602300.0,2013.0,81.9,4.59
797,Luli Pampï¿½,14000000,8623705301.0,Music,294,Spain,579.0,15.0,806600.0,2012.0,88.9,13.96
798,Gallina Pintadita,14000000,9660950823.0,Music,62,Mexico,477.0,29.0,282500.0,2011.0,40.2,3.42
799,ViralHog,14000000,18917687143.0,People & Blogs,41117,United States,136.0,159.0,5500000.0,2014.0,88.2,14.7
800,ETV Jabardasth,14000000,13542939513.0,People & Blogs,9652,India,268.0,111.0,534300.0,2015.0,28.1,5.36
801,Zee Telugu,14000000,12597067132.0,Entertainment,3,India,4039216.0,4651.0,0.03,2007.0,28.1,5.36
802,Crescendo com Luluca,14000000,5094050461.0,Entertainment,1307,Brazil,1327.0,44.0,272200.0,2015.0,51.3,12.08
803,Jazzghost,13900000,5673347763.0,Gaming,5494,Brazil,1140.0,46.0,426900.0,2012.0,51.3,12.08
804,karameeshchannel,13900000,9106781518.0,Entertainment,2254,Jordan,526.0,3.0,350600.0,2012.0,34.4,14.72
805,Darkar Company Studios,13900000,2244318380.0,Film & Animation,183,United States,4234.0,161.0,18400.0,2009.0,88.2,14.7
807,T-Series Regional,13900000,5217553897.0,Entertainment,15075,India,1275.0,111.0,133900.0,2011.0,28.1,5.36
808,ADEL et SAMI,13900000,5465532801.0,Entertainment,503,United States,1200.0,161.0,107500.0,2018.0,88.2,14.7
809,Jamuna TV,13900000,12129583055.0,News & Politics,6,Bangladesh,4056658.0,3776.0,0.0,2021.0,20.6,4.19
810,Atlantic Records,13900000,12513842343.0,Music,1660,United States,307.0,161.0,389100.0,2006.0,88.2,14.7
812,Veritasium,13900000,2165885634.0,Education,369,United States,4466.0,161.0,176600.0,2010.0,88.2,14.7
814,Airrack,13800000,2224911030.0,Entertainment,173,United States,4285.0,161.0,398600.0,2015.0,88.2,14.7
815,Hacksmith Industries,13800000,1820559912.0,Science & Technology,887,Canada,5524.0,10.0,335800.0,2006.0,68.9,5.56
817,ýýýýýýýý/Atro,13800000,2480957682.0,Gaming,1952,Netherlands,3690.0,4.0,220500.0,2017.0,85.0,3.2
818,123 GO! Spanish,13800000,5019136690.0,People & Blogs,520,Mexico,1361.0,30.0,106100.0,2019.0,40.2,3.42
819,Geo News,13800000,5727888539.0,News & Politics,190093,Pakistan,1127.0,6.0,400200.0,2007.0,9.0,4.45
820,Kids TV India Hindi Nursery Rhymes,13800000,6646953396.0,Shows,1505,India,898.0,112.0,314600.0,2014.0,28.1,5.36
821,Think Music India,13800000,11039343563.0,Music,4978,India,374.0,112.0,868400.0,2009.0,28.1,5.36
822,O Que Nï¿½ï¿½ï¿½ï¿½ï¿½ï¿,13700000,1967930734.0,Comedy,696,Brazil,5035.0,47.0,351200.0,2015.0,51.3,12.08
823,Goldmines Premiere,13700000,1973638757.0,Entertainment,975,India,5047.0,113.0,150600.0,2013.0,28.1,5.36
824,MAIKI021,13700000,1950178163.0,Entertainment,3298,Brazil,5135.0,47.0,29800.0,2008.0,51.3,12.08
825,The Vishal bhatt,13700000,9596430464.0,Comedy,1040,India,487.0,113.0,1500000.0,2021.0,28.1,5.36
826,NishaMadhulika,13700000,2939201386.0,Howto & Style,2158,India,2972.0,113.0,88900.0,2009.0,28.1,5.36
827,MyMissAnand,13700000,4963275018.0,People & Blogs,340,India,1387.0,113.0,111500.0,2014.0,28.1,5.36
828,FAPTV,13700000,5457203710.0,Comedy,863,Vietnam,1205.0,3.0,140500.0,2014.0,28.5,2.01
829,Wesley Safadï¿½,13700000,8134379376.0,Music,438,Brazil,631.0,47.0,256200.0,2009.0,51.3,12.08
830,infobells,13700000,5178142148.0,Education,495,India,1289.0,113.0,95600.0,2011.0,28.1,5.36
832,Acenix,13600000,2122062016.0,Gaming,368,Spain,4572.0,16.0,189700.0,2014.0,88.9,13.96
834,DALLMYD,13600000,1948925559.0,Sports,412,United States,5133.0,164.0,122700.0,2011.0,88.2,14.7
835,Lindsey Stirling,13600000,3764608356.0,Music,199,United States,2084.0,163.0,61100.0,2007.0,88.2,14.7
836,JOJO TV - Hindi Stories,13600000,5141201173.0,Education,1097,India,1303.0,114.0,43100.0,2016.0,28.1,5.36
837,BBC,13600000,9685060624.0,Pets & Animals,16047,United Kingdom,474.0,29.0,177700.0,2005.0,60.0,3.85
838,Saturday Night Live,13600000,14717282742.0,Entertainment,8335,United States,232.0,164.0,226500.0,2013.0,88.2,14.7
839,BUDI01 GAMING,13500000,1181292450.0,Gaming,319,Indonesia,9540.0,29.0,53700.0,2019.0,36.3,4.69
840,Typical Gamer,13500000,4301581610.0,Gaming,4312,Canada,1716.0,11.0,130200.0,2008.0,68.9,5.56
841,Anaysa,13500000,3445794123.0,Howto & Style,591,India,2364.0,115.0,118800.0,2012.0,28.1,5.36
842,JULIA GISELLA,13500000,5380132790.0,Entertainment,19,United Kingdom,3767960.0,2492.0,6.0,2015.0,60.0,3.85
843,Awakening Music,13500000,5545936485.0,Music,814,United Kingdom,1183.0,30.0,141200.0,2006.0,60.0,3.85
844,Lady Diana,13500000,8265920659.0,Entertainment,1403,Ukraine,620.0,4.0,300600.0,2016.0,82.7,8.88
845,Sanjoy Das Official,13500000,3912334359.0,Entertainment,1793,India,1954.0,114.0,716900.0,2015.0,28.1,5.36
846,Woody & Kleiny,13500000,11717217293.0,Comedy,975,United Kingdom,333.0,29.0,2000000.0,2013.0,60.0,3.85
847,Vijay Kumar Viner Vlogs,13500000,7958771872.0,Entertainment,1357,India,663.0,116.0,439300.0,2019.0,28.1,5.36
848,Conor Maynard,13500000,2750993392.0,Music,321,United States,3257.0,165.0,43100.0,2006.0,88.2,14.7
849,Wengie,13500000,1900272833.0,Howto & Style,462,United States,5297.0,165.0,5300.0,2010.0,88.2,14.7
851,Codiscos,13400000,11789678655.0,Music,7356,Colombia,330.0,9.0,915600.0,2007.0,55.3,9.71
852,The World Adventures ï¿½ï¿½ï¿½ï¿½ï¿½ï¿½,13400000,2139769210.0,People & Blogs,1028,India,4540.0,116.0,4200.0,2016.0,28.1,5.36
854,Blockbuster Movies,13400000,2650061211.0,Entertainment,0,India,4057944.0,5589.0,0.0,2017.0,28.1,5.36
855,ATHLEAN-Xï¿½,13400000,2319515787.0,Howto & Style,1349,United States,4039.0,166.0,58000.0,2006.0,88.2,14.7
856,My Mate Nate,13400000,3363634923.0,Comedy,1195,Thailand,2436.0,15.0,166700.0,2014.0,49.3,0.75
857,H2ODelirious,13400000,4356686216.0,Gaming,3727,United States,1683.0,166.0,67100.0,2007.0,88.2,14.7
858,GMA Integrated News,13400000,9569814790.0,News & Politics,296272,Philippines,486.0,10.0,461800.0,2007.0,35.5,2.15
859,Peet Montzingo,13400000,10022557589.0,People & Blogs,319,United States,433.0,165.0,1600000.0,2014.0,88.2,14.7
860,The Q,13400000,4306212515.0,People & Blogs,96,United States,3846885.0,7615.0,0.01,2006.0,88.2,14.7
861,Trakin Tech,13300000,2262690743.0,Science & Technology,3640,India,4152.0,116.0,174700.0,2011.0,28.1,5.36
862,theRadBrad,13300000,6050102764.0,Gaming,8195,United States,1038.0,167.0,62800.0,2006.0,88.2,14.7
863,Matt Steffanina,13300000,3299216601.0,Entertainment,331,United States,14275.0,692.0,7700.0,2007.0,88.2,14.7
865,Kurt Hugo Schneider,13300000,3733856870.0,Entertainment,698,United States,2110.0,167.0,16900.0,2007.0,88.2,14.7
866,Vogue,13300000,4177184071.0,Entertainment,3166,United States,1789.0,167.0,180400.0,2008.0,88.2,14.7
867,ýýýýýýýýýýýýýýýýýý,13300000,6482687220.0,People & Blogs,608,Russia,927.0,13.0,361000.0,2015.0,81.9,4.59
868,Kids Lineï¿½ï¿½ï¿½ï¿½ï¿½ï¿½ï¿½,13300000,9088562002.0,People & Blogs,2742,United States,524.0,166.0,647600.0,2011.0,88.2,14.7
869,VexTrex,13300000,7923901253.0,Entertainment,2411,Ukraine,669.0,5.0,0.0,2014.0,82.7,8.88
870,penguinz0,13300000,7773543609.0,Gaming,4613,United States,689.0,166.0,755800.0,2007.0,88.2,14.7
871,Just For Laughs Gags,13300000,7406628736.0,Comedy,6916,United States,764.0,167.0,69900.0,2007.0,88.2,14.7
872,Kabita's Kitchen,13300000,2831275503.0,Howto & Style,1489,India,3123.0,117.0,172500.0,2014.0,28.1,5.36
873,BanderitaX,13300000,4129249415.0,Gaming,1640,Saudi Arabia,1818.0,7.0,282800.0,2013.0,68.0,5.93
874,AzzyLand,13300000,6412313570.0,Gaming,1749,Canada,949.0,12.0,21500.0,2015.0,68.9,5.56
875,HUBAï¿½ï¿½,13200000,9884886099.0,Entertainment,538,United States,454.0,167.0,1300000.0,2021.0,88.2,14.7
876,BIBO ï¿½ï¿½ï¿½ï¿½ï¿½ï¿,13200000,1148422000.0,Entertainment,192,Russia,9855.0,13.0,35100.0,2019.0,81.9,4.59
877,Brawl Stars,13200000,2036408398.0,Gaming,172,Finland,4846.0,1.0,81500.0,2017.0,88.2,6.59
879,Sonotek Bhakti,13200000,3789736218.0,Entertainment,8019,India,2063.0,118.0,101300.0,2010.0,28.1,5.36
881,MC Divertida,13200000,5224764969.0,Entertainment,413,Brazil,1269.0,49.0,258100.0,2018.0,51.3,12.08
882,The Infographics Show,13200000,5263540904.0,Education,4279,United States,1252.0,168.0,207300.0,2011.0,88.2,14.7
883,jbalvinVEVO,13200000,20743586601.0,Music,237,Colombia,113.0,10.0,345100.0,2010.0,55.3,9.71
884,ýýýýýýTwinsFromRussia,13200000,9378175604.0,People & Blogs,6888,United States,503.0,168.0,477600.0,2011.0,88.2,14.7
885,Technology Gyan,13200000,1138262456.0,Science & Technology,1022,India,9955.0,118.0,74100.0,2015.0,28.1,5.36
886,CookingShooking Hindi,13200000,1758603195.0,People & Blogs,393,India,5855.0,118.0,46000.0,2017.0,28.1,5.36
887,Ryan Trahan,13100000,2182651464.0,Entertainment,33,United States,4051001.0,7683.0,0.99,2022.0,88.2,14.7
888,Alex Gonzaga Official,13100000,1401914513.0,People & Blogs,287,Philippines,7733.0,11.0,43400.0,2017.0,35.5,2.15
891,Lokdhun Punjabi,13100000,4712624489.0,Music,1262,India,1484.0,119.0,137800.0,2010.0,28.1,5.36
893,Painzeiro,13100000,2555801802.0,People & Blogs,1077,Brazil,3545.0,50.0,176000.0,2015.0,51.3,12.08
894,Peppa Pig em Portuguï¿½ï¿½ï¿½ï¿½ï¿½ï¿½ï¿½ï¿½ï¿,13100000,4214172991.0,Film & Animation,1365,Brazil,1770.0,49.0,109400.0,2014.0,51.3,12.08
895,ýýýýýýýýýýýýýýý Ms Yeah,13100000,4399833602.0,People & Blogs,435,United States,1650.0,169.0,242600.0,2017.0,88.2,14.7
896,Hungria Hip Hop,13100000,4608751851.0,Music,73,Brazil,1541.0,50.0,192900.0,2013.0,51.3,12.08
897,RaptorGamer,13100000,2879263916.0,People & Blogs,1444,Ecuador,3044.0,2.0,251600.0,2016.0,44.9,3.97
898,RedeTV,13100000,5333569294.0,Entertainment,36760,Brazil,1240.0,50.0,70400.0,2011.0,51.3,12.08
899,twenty one pilots,13100000,5264039679.0,Music,194,United States,1255.0,169.0,203700.0,2009.0,88.2,14.7
900,DJ Khaled,13100000,6637820731.0,Music,12,Samoa,3967392.0,81.0,2.0,2006.0,7.6,8.36
901,Davie504,13000000,2683297849.0,Entertainment,838,Italy,3340.0,2.0,119500.0,2011.0,61.9,9.89
902,Everson Zoio,13000000,1024467771.0,Comedy,625,Brazil,11340.0,51.0,12200.0,2009.0,51.3,12.08
903,Calon Sarjana,13000000,10664585.0,Entertainment,29,Indonesia,772571.0,31.0,0.0,2016.0,36.3,4.69
904,Lofi Girl,13000000,1698279553.0,Music,409,France,6059.0,3.0,121900.0,2015.0,65.6,8.43
905,Jomy Production,13000000,5057163256.0,Entertainment,8,India,3686280.0,5227.0,0.01,2021.0,28.1,5.36
906,GH'S,13000000,8739174649.0,Gaming,510,South Korea,553.0,15.0,4300000.0,2020.0,94.3,4.15
907,JesseAndMike,13000000,9999238237.0,Entertainment,716,United States,440.0,170.0,164400.0,2007.0,88.2,14.7
909,Susy Mouriz,13000000,6270909026.0,Entertainment,1299,Mexico,969.0,31.0,1500000.0,2017.0,40.2,3.42
910,7 Minutoz,13000000,4349562794.0,Music,521,Brazil,1692.0,51.0,118100.0,2012.0,51.3,12.08
911,The LaBrant Fam,13000000,4637474071.0,Comedy,612,United States,1557.0,170.0,0.0,2012.0,88.2,14.7
912,Pastor Antï¿½ï¿½ï¿½ï¿½ï,12900000,2112274210.0,People & Blogs,4712,Brazil,4602.0,52.0,127200.0,2013.0,51.3,12.08
913,Matheus Yurley,12900000,140022442.0,Entertainment,69,Brazil,93531.0,52.0,591.0,2015.0,51.3,12.08
914,gymvirtual,12900000,2509752944.0,Sports,1572,Spain,3645.0,17.0,48000.0,2010.0,88.9,13.96
915,BIBOï¿½ï¿½ï¿½ï¿½ï,12900000,3178222797.0,Entertainment,193,South Korea,2649.0,16.0,16000.0,2016.0,94.3,4.15
916,Top Viral Talent,12900000,3643698504.0,Entertainment,1598,United States,2177.0,171.0,117500.0,2014.0,88.2,14.7
917,Akon,12900000,6300933122.0,Music,39,United States,976.0,171.0,365000.0,2005.0,88.2,14.7
918,AlArabiya ï¿½ï¿½ï¿½ï¿½ï¿,12900000,7520379951.0,People & Blogs,169304,United Arab Emirates,737.0,8.0,320900.0,2006.0,36.8,2.35
920,EnriqueIglesiasVEVO,12900000,15446707595.0,Music,137,United States,210.0,171.0,303100.0,2009.0,88.2,14.7
921,ýýýýýýýý ýýýý ýýýýýýýýýýýýýý,12900000,5585085130.0,Shows,1255,Ukraine,1164.0,6.0,284500.0,2014.0,82.7,8.88
922,The Shiny Peanut,12900000,2848466522.0,Education,2337,Indonesia,3109.0,32.0,3400.0,2016.0,36.3,4.69
923,Talking Angela,12800000,3632438963.0,Entertainment,233,United Kingdom,2184.0,31.0,111800.0,2014.0,60.0,3.85
924,Melon City Show - ï¿½ï¿½ï¿½ï¿½ï¿½ï¿½ï¿½ï¿½ï¿½ï¿½ï¿,12800000,5863456698.0,Comedy,1727,Iraq,1087.0,2.0,141300.0,2016.0,16.2,12.82
925,Duo Tiempo De Sol,12800000,6662288136.0,Music,323,Spain,896.0,17.0,216000.0,2013.0,88.9,13.96
927,MrSuicideSheep,12800000,6970899521.0,Entertainment,3483,Canada,842.0,13.0,72500.0,2010.0,68.9,5.56
928,Adam W,12800000,9502983550.0,Comedy,681,United States,492.0,171.0,915800.0,2015.0,88.2,14.7
929,Right to Shiksha,12800000,7876740921.0,Education,2044,India,670.0,120.0,855000.0,2020.0,28.1,5.36
930,Beyoncï¿½ï¿½,12800000,14185611472.0,Music,168,United States,250.0,172.0,358300.0,2009.0,88.2,14.7
933,Franco Escamilla,12700000,4266957149.0,Comedy,2483,Mexico,1740.0,32.0,309900.0,2007.0,40.2,3.42
934,Adexe & Nau,12700000,4579773883.0,Music,594,Spain,1563.0,18.0,40300.0,2013.0,88.9,13.96
937,Future,12700000,9927699419.0,Music,119,United States,270216.0,1944.0,1900.0,2020.0,88.2,14.7
938,YoungBoy Never Broke Again,12700000,13174393401.0,Entertainment,142,United States,279.0,173.0,679900.0,2015.0,88.2,14.7
939,Blossom,12700000,4733873025.0,Howto & Style,812,United States,1472.0,173.0,175500.0,2017.0,88.2,14.7
941,Piuzinho,12700000,1081285962.0,Gaming,504,Brazil,10642.0,53.0,14500.0,2015.0,51.3,12.08
943,Go Ami Go!,12700000,1714955279.0,People & Blogs,252,Colombia,5821.0,11.0,1300000.0,2015.0,55.3,9.71
944,Morgz,12600000,3303595310.0,Gaming,825,United Kingdom,2491.0,32.0,235400.0,2014.0,60.0,3.85
945,CaseyNeistat,12600000,3152402405.0,People & Blogs,1101,United States,2681.0,174.0,23800.0,2010.0,88.2,14.7
946,ýýýýýýýýýSULGI,12600000,3485373675.0,People & Blogs,683,South Korea,2313.0,17.0,452500.0,2012.0,94.3,4.15
947,NickiMinajAtVEVO,12600000,8831179714.0,Music,99,United States,557.0,174.0,140100.0,2010.0,88.2,14.7
948,Ellie Goulding,12600000,6969178081.0,Music,218,United Kingdom,841.0,32.0,146700.0,2007.0,60.0,3.85
949,colinfurze,12500000,1612094871.0,Entertainment,385,United Kingdom,6487.0,33.0,33900.0,2006.0,60.0,3.85
950,People Vs Food,12500000,1136534702.0,Entertainment,601,United States,9980.0,175.0,61400.0,2013.0,88.2,14.7
953,Health Time,12500000,1002219689.0,Howto & Style,1810,India,11667.0,123.0,5600.0,2016.0,28.1,5.36
954,Yair17,12500000,1402042328.0,Gaming,1109,Mexico,7741.0,33.0,35500.0,2014.0,40.2,3.42
955,Little Baby Bum en Espaï¿½ï,12500000,6956320454.0,Education,1459,Spain,843.0,19.0,65300.0,2014.0,88.9,13.96
956,First We Feast,12500000,2983799729.0,Howto & Style,1076,United States,2892.0,175.0,445000.0,2014.0,88.2,14.7
957,Mï¿½ï¿½ï¿½ï¿½,12500000,3140883140.0,Travel & Events,766,Mexico,2691.0,33.0,124000.0,2015.0,40.2,3.42
960,Parafernalha,12500000,4625777945.0,Entertainment,1888,Brazil,1532.0,54.0,28600.0,2011.0,51.3,12.08
961,NDTV,12500000,4935793409.0,Entertainment,151136,India,1395.0,123.0,234100.0,2006.0,28.1,5.36
962,elcarteldesantatv,12500000,7489455451.0,Music,377,Mexico,743.0,33.0,463500.0,2008.0,40.2,3.42
963,Family Fitness,12500000,10384848759.0,Entertainment,1699,India,413.0,123.0,942900.0,2017.0,28.1,5.36
964,Zee Tamil,12500000,11552190002.0,Entertainment,102699,India,342.0,123.0,1400000.0,2008.0,28.1,5.36
965,Flowers Comedy,12500000,11691081301.0,Entertainment,11907,India,337.0,122.0,720100.0,2015.0,28.1,5.36
966,Mundo Bita,12500000,16690788752.0,Music,253,Brazil,171.0,54.0,854800.0,2011.0,51.3,12.08
967,Wave Music Bhakti,12500000,5146004207.0,Music,19899,India,1299.0,123.0,44300.0,2011.0,28.1,5.36
969,CKM,12500000,4465772496.0,Comedy,117,India,1621.0,123.0,52600.0,2018.0,28.1,5.36
970,Quantum Tech HD,12500000,4340213066.0,Science & Technology,223,Pakistan,3956586.0,3554.0,35.0,2022.0,9.0,4.45
971,_vector_,12400000,7597013023.0,Comedy,398,United States,720.0,176.0,3600000.0,2019.0,88.2,14.7
974,LOUD,12400000,2394143260.0,Gaming,690,United States,186431.0,1795.0,110.0,2006.0,88.2,14.7
975,Gibby :),12400000,2862685032.0,People & Blogs,226,Mexico,3087.0,34.0,41100.0,2014.0,40.2,3.42
976,Gustavo Parï¿½ï¿½,12400000,2602614088.0,Comedy,9,Brazil,4050768.0,5075.0,0.0,2010.0,51.3,12.08
977,SAAIHALILINTAR,12400000,1113066203.0,Entertainment,409,Indonesia,10271.0,34.0,3200.0,2012.0,36.3,4.69
978,Timba Vk,12400000,2840137980.0,Gaming,1024,Spain,3116.0,19.0,96100.0,2012.0,88.9,13.96
979,Heidi and Zidane HZHtube,12400000,4021409291.0,Entertainment,813,Canada,1900.0,14.0,38400.0,2015.0,68.9,5.56
980,DaniRep | +6 Vï¿½ï¿½ï¿½ï¿½ï¿½ï¿½ï¿½ï¿½ï¿½ï¿½ï,12400000,6933660906.0,Gaming,12419,Spain,847.0,19.0,330600.0,2012.0,88.9,13.96
981,Zee Kids,12400000,7683670251.0,Film & Animation,1212,India,709.0,124.0,380700.0,2012.0,28.1,5.36
982,Pari's Lifestyle,12400000,7741764747.0,People & Blogs,459,India,702.0,124.0,152700.0,2018.0,28.1,5.36
983,DisneyChannelUK,12400000,12607488647.0,Music,4422,United Kingdom,306.0,34.0,139000.0,2007.0,60.0,3.85
984,MoniLina,12400000,16086808918.0,Comedy,0,United States,4057944.0,2774.0,0.0,2016.0,88.2,14.7
985,bharatzkitchen HINDI,12400000,2315226648.0,Howto & Style,729,India,4042.0,124.0,123900.0,2016.0,28.1,5.36
988,Avril Lavigne,12400000,6202090191.0,Music,205,United States,999.0,176.0,200800.0,2005.0,88.2,14.7
989,Caylus,12400000,4779139505.0,Education,1340,United States,1442.0,175.0,710400.0,2016.0,88.2,14.7
990,Migos ATL,12400000,6993406259.0,Music,99,United States,833.0,175.0,197600.0,2012.0,88.2,14.7
991,Natan por Aï¿,12300000,9029609749.0,Sports,1200,Brazil,525.0,55.0,2200000.0,2017.0,51.3,12.08
992,Free Fire India Official,12300000,1674409945.0,People & Blogs,1500,India,6141.0,125.0,258900.0,2018.0,28.1,5.36
994,RobTopGames,12300000,374123483.0,Gaming,39,Sweden,35112.0,4.0,15500.0,2012.0,67.0,6.48
995,Make Joke Of,12300000,2129773714.0,Comedy,62,India,4568.0,125.0,96000.0,2017.0,28.1,5.36
